algo,variant,dataset,mode,ram_cap_bytes,params_json,threads,n_trials,recall10_median,recall10_iqr,mean_ms_median,mean_ms_iqr,qps_median,qps_iqr,bytes_read_per_query_median,bytes_read_per_query_iqr,bytes_per_query_app_median,bytes_per_query_app_iqr,ios_per_query_median,ios_per_query_iqr,p95_ms_median,p95_ms_iqr,p99_ms_median,p99_ms_iqr,p999_ms_median,p999_ms_iqr,pareto_group
tapeann,tape_int8,sift10m,warm,,"{""probes"": 10}",1,3,75.678,0.0,0.3456,0.0127,2893.3168,102.9028,0.0,0.0,1834845.4,0.0,10.0,0.0,0.5783,0.0225,0.8188,0.0304,1.0642,0.0783,tapeann|tape_int8|sift10m|warm||1
tapeann,tape_int8,sift10m,warm,,"{""probes"": 15}",1,3,81.961,0.0,0.4767,0.027,2097.6502,119.3463,0.0,0.0,2728652.4,0.0,15.0,0.0,0.8189,0.0333,1.1558,0.053,1.4435,0.0993,tapeann|tape_int8|sift10m|warm||1
tapeann,tape_int8,sift10m,warm,,"{""probes"": 20}",1,3,85.753,0.0,0.5978,0.0117,1672.7218,32.7067,0.0,0.0,3614573.4,0.0,20.0,0.0,1.023,0.041,1.4351,0.0843,1.7897,0.2084,tapeann|tape_int8|sift10m|warm||1
tapeann,tape_int8,sift10m,warm,,"{""probes"": 25}",1,3,88.353,0.0,0.7518,0.0333,1330.08,60.758,0.0,0.0,4490868.3,0.0,25.0,0.0,1.2995,0.0403,1.8335,0.059,2.3499,0.0663,tapeann|tape_int8|sift10m|warm||1
tapeann,tape_int8,sift10m,warm,,"{""probes"": 30}",1,3,90.128,0.0,0.8879,0.0091,1126.1895,11.5064,0.0,0.0,5360564.6,0.0,30.0,0.0,1.5375,0.0079,2.1505,0.0332,2.7948,0.1351,tapeann|tape_int8|sift10m|warm||1
tapeann,tape_int8,sift10m,warm,,"{""probes"": 35}",1,3,91.499,0.0,1.025,0.0187,975.564,17.9748,0.0,0.0,6224980.4,0.0,35.0,0.0,1.7966,0.0441,2.4991,0.0898,3.1809,0.2845,tapeann|tape_int8|sift10m|warm||1
tapeann,tape_int8,sift10m,warm,,"{""probes"": 40}",1,3,92.549,0.0,1.1639,0.0133,859.1459,9.8552,0.0,0.0,7084514.9,0.0,40.0,0.0,2.0344,0.0431,2.8344,0.0418,3.5013,0.0614,tapeann|tape_int8|sift10m|warm||1
tapeann,tape_int8,sift10m,warm,,"{""probes"": 50}",1,3,94.044,0.0,1.4356,0.0301,696.5556,14.7355,0.0,0.0,8788229.7,0.0,50.0,0.0,2.499,0.0584,3.4625,0.1135,4.1663,0.1631,tapeann|tape_int8|sift10m|warm||1
tapeann,tape_int8,sift10m,warm,,"{""probes"": 70}",1,3,95.858,0.0,2.0322,0.049,492.0813,11.9385,0.0,0.0,12156692.1,0.0,70.0,0.0,3.4996,0.0858,4.7706,0.1193,5.8199,0.15,tapeann|tape_int8|sift10m|warm||1
tapeann,tape_int8,sift10m,warm,,"{""probes"": 100}",1,3,97.158,0.0,2.9664,0.0945,337.1118,10.5907,0.0,0.0,17136076.4,0.0,100.0,0.0,5.0787,0.1898,6.6089,0.4107,7.6291,0.6514,tapeann|tape_int8|sift10m|warm||1
tapeann,tape_int8,sift10m,warm,,"{""probes"": 150}",1,3,98.029,0.0,4.6792,0.1131,213.7119,5.2079,0.0,0.0,25298538.5,0.0,150.0,0.0,7.4229,0.1403,9.2955,0.1403,10.4648,0.8834,tapeann|tape_int8|sift10m|warm||1
tapeann,tape_int8,sift10m,warm,,"{""probes"": 200}",1,3,98.409,0.0,6.1641,0.2057,162.2288,5.4439,0.0,0.0,33347978.9,0.0,200.0,0.0,9.5621,0.2794,11.7065,0.3866,13.1006,0.0667,tapeann|tape_int8|sift10m|warm||1
tapeann,tape_int8,sift10m,warm,,"{""probes"": 300}",1,3,98.704,0.0,9.0535,0.144,110.4539,1.784,0.0,0.0,49240021.4,0.0,300.0,0.0,13.5093,0.1975,15.9927,0.0819,18.3206,0.7049,tapeann|tape_int8|sift10m|warm||1
tapeann,tape_int8,sift10m,warm,,"{""probes"": 500}",1,3,98.853,0.0,14.5493,0.0162,68.7317,0.0768,0.0,0.0,80516422.9,0.0,500.0,0.0,20.8647,0.1348,23.5736,0.3249,27.11,1.4163,tapeann|tape_int8|sift10m|warm||1
tapeann,tape_int8,sift10m,warm,,"{""probes"": 750}",1,3,98.881,0.0,21.1737,0.0421,47.2284,0.0936,0.0,0.0,119079824.6,0.0,750.0,0.0,29.3506,0.0377,32.7577,0.2065,38.4837,1.8421,tapeann|tape_int8|sift10m|warm||1
tapeann,tape_int8,sift10m,warm,,"{""probes"": 1000}",1,3,98.889,0.0,27.561,0.0965,36.2832,0.1268,0.0,0.0,157302132.7,0.0,1000.0,0.0,37.3645,0.1516,40.9328,0.4406,46.7961,0.268,tapeann|tape_int8|sift10m|warm||1
tapeann,tape_int8,sift10m,warm,,"{""probes"": 45}",1,3,93.388,0.0,1.4167,0.0161,705.8803,8.0285,0.0,166781.3,7937375.4,0.0,45.0,0.0,2.451,0.0209,3.5577,0.0871,4.5676,0.3384,tapeann|tape_int8|sift10m|warm||1
tapeann,tape_int8,sift10m,warm,,"{""probes"": 55}",1,3,94.601,0.0,1.7423,0.0187,573.9498,6.1379,0.0,0.0,9636473.7,0.0,55.0,0.0,3.0265,0.0518,4.3552,0.0937,5.1795,0.1373,tapeann|tape_int8|sift10m|warm||1
tapeann,tape_int8,sift10m,warm,,"{""probes"": 60}",1,3,95.09,0.0,1.9383,0.0536,515.9113,14.3181,0.0,0.0,10477979.2,0.0,60.0,0.0,3.2972,0.0555,4.7547,0.1206,5.6322,0.3491,tapeann|tape_int8|sift10m|warm||1
tapeann,tape_int8,sift10m,warm,,"{""probes"": 65}",1,3,95.481,0.0,2.142,0.0507,466.8469,10.9579,0.0,0.0,11318886.8,0.0,65.0,0.0,3.6807,0.1291,5.1959,0.0651,6.2521,0.3708,tapeann|tape_int8|sift10m|warm||1
tapeann,tape_int8,sift10m,warm,,"{""probes"": 80}",1,3,96.403,0.0,2.5744,0.0442,388.4331,6.5844,0.0,0.0,13823243.5,0.0,80.0,0.0,4.3974,0.0583,6.0891,0.1315,7.1551,0.2573,tapeann|tape_int8|sift10m|warm||1
tapeann,tape_int8,sift10m,warm,,"{""probes"": 90}",1,3,96.835,0.0,3.0643,0.1841,326.3387,19.4435,0.0,0.0,15486324.3,0.0,90.0,0.0,5.1804,0.3049,6.994,0.3391,8.3273,0.497,tapeann|tape_int8|sift10m|warm||1
diskann,diskann_fp32_pq64,sift10m,warm,,"{""L"": 10, ""W"": 1}",1,3,79.128,0.0,1.015,0.0084,984.5397,8.259,137756.3,64810.2,73893.1,0.0,18.0403,0.0,1.343,0.034,,,2.841,0.863,diskann|diskann_fp32_pq64|sift10m|warm||1
diskann,diskann_fp32_pq64,sift10m,warm,,"{""L"": 10, ""W"": 2}",1,3,80.444,0.0,0.7122,0.0022,1402.7823,4.4135,142143.1,53.7,90361.4,0.0,22.0609,0.0,0.951,0.004,,,3.13,0.858,diskann|diskann_fp32_pq64|sift10m|warm||1
diskann,diskann_fp32_pq64,sift10m,warm,,"{""L"": 10, ""W"": 4}",1,3,82.401,0.0,0.5891,0.0036,1695.3853,10.3094,152415.8,0.0,125155.3,0.0,30.5555,0.0,0.809,0.005,,,2.134,0.752,diskann|diskann_fp32_pq64|sift10m|warm||1
diskann,diskann_fp32_pq64,sift10m,warm,,"{""L"": 20, ""W"": 1}",1,3,90.878,0.0,1.6637,0.0101,600.7871,3.6236,175625.0,0.0,112566.3,0.0,27.482,0.0,1.999,0.023,,,4.805,0.567,diskann|diskann_fp32_pq64|sift10m|warm||1
diskann,diskann_fp32_pq64,sift10m,warm,,"{""L"": 20, ""W"": 2}",1,3,91.39,0.0,1.0789,0.0031,926.2366,2.6609,178965.3,0.0,127905.4,0.0,31.2269,0.0,1.322,0.006,,,3.561,0.471,diskann|diskann_fp32_pq64|sift10m|warm||1
diskann,diskann_fp32_pq64,sift10m,warm,,"{""L"": 20, ""W"": 4}",1,3,92.312,0.0,0.7922,0.0078,1261.2211,12.4207,186952.5,206.4,160444.4,0.0,39.171,0.0,1.018,0.008,,,2.354,0.857,diskann|diskann_fp32_pq64|sift10m|warm||1
diskann,diskann_fp32_pq64,sift10m,warm,,"{""L"": 30, ""W"": 1}",1,3,94.566,0.0,2.3448,0.3161,426.3337,50.9926,214188.4,108.1,151937.0,0.0,37.094,0.0,2.693,1.657,,,6.467,16.939,diskann|diskann_fp32_pq64|sift10m|warm||1
diskann,diskann_fp32_pq64,sift10m,warm,,"{""L"": 30, ""W"": 2}",1,3,94.781,0.0,1.4588,0.0099,685.1373,4.6335,216896.3,0.0,166566.7,0.0,40.6657,0.0,1.703,0.014,,,4.591,0.921,diskann|diskann_fp32_pq64|sift10m|warm||1
diskann,diskann_fp32_pq64,sift10m,warm,,"{""L"": 30, ""W"": 4}",1,3,95.183,0.0,1.0122,0.0027,987.2637,2.63,223399.5,59.4,197390.7,0.0,48.1911,0.0,1.248,0.012,,,3.317,0.223,diskann|diskann_fp32_pq64|sift10m|warm||1
diskann,diskann_fp32_pq64,sift10m,warm,,"{""L"": 50, ""W"": 1}",1,3,97.409,0.0,3.6731,0.0018,272.1869,0.1343,292372.5,109.4,231785.3,0.0,56.5882,0.0,4.034,0.029,,,7.907,0.176,diskann|diskann_fp32_pq64|sift10m|warm||1
diskann,diskann_fp32_pq64,sift10m,warm,,"{""L"": 50, ""W"": 2}",1,3,97.467,0.0,2.2361,0.0022,447.04,0.4442,294491.3,0.0,245695.3,0.0,59.9842,0.0,2.504,0.008,,,5.955,0.065,diskann|diskann_fp32_pq64|sift10m|warm||1
diskann,diskann_fp32_pq64,sift10m,warm,,"{""L"": 50, ""W"": 4}",1,3,97.624,0.0,1.4585,0.0092,685.2543,4.3549,299365.6,305.2,274655.6,0.0,67.0546,0.0,1.71,0.015,,,4.067,0.52,diskann|diskann_fp32_pq64|sift10m|warm||1
diskann,diskann_fp32_pq64,sift10m,warm,,"{""L"": 75, ""W"": 1}",1,3,98.723,0.0,5.3766,0.0289,185.9616,0.998,391361.7,128.6,333033.1,0.0,81.3069,0.0,5.862,0.026,,,10.549,0.654,diskann|diskann_fp32_pq64|sift10m|warm||1
diskann,diskann_fp32_pq64,sift10m,warm,,"{""L"": 75, ""W"": 2}",1,3,98.739,0.0,3.205,0.0042,311.9323,0.4074,393035.0,189.7,346318.8,0.0,84.5505,0.0,3.515,0.019,,,7.293,0.299,diskann|diskann_fp32_pq64|sift10m|warm||1
diskann,diskann_fp32_pq64,sift10m,warm,,"{""L"": 75, ""W"": 4}",1,3,98.801,0.0,2.0171,0.0041,495.5657,0.9929,396582.1,310.5,374020.5,0.0,91.3136,0.0,2.313,0.029,,,5.739,0.269,diskann|diskann_fp32_pq64|sift10m|warm||1
diskann,diskann_fp32_pq64,sift10m,warm,,"{""L"": 100, ""W"": 1}",1,3,99.26,0.0,7.0858,0.0492,141.1089,0.9788,490903.1,126.9,434739.6,0.0,106.1376,0.0,7.729,0.109,,,13.236,0.395,diskann|diskann_fp32_pq64|sift10m|warm||1
diskann,diskann_fp32_pq64,sift10m,warm,,"{""L"": 100, ""W"": 2}",1,3,99.278,0.0,4.1961,0.0047,238.2691,0.2689,492197.1,0.0,447564.6,0.0,109.2687,0.0,4.592,0.027,,,8.377,0.73,diskann|diskann_fp32_pq64|sift10m|warm||1
diskann,diskann_fp32_pq64,sift10m,warm,,"{""L"": 100, ""W"": 4}",1,3,99.301,0.0,2.6122,0.002,382.6926,0.2912,495341.6,0.0,474356.1,0.0,115.8096,0.0,2.942,0.02,,,6.371,0.31,diskann|diskann_fp32_pq64|sift10m|warm||1
diskann,diskann_fp32_pq64,sift10m,warm,,"{""L"": 150, ""W"": 1}",1,3,99.682,0.0,10.522,0.0367,95.031,0.3318,690164.1,69.6,638560.7,0.0,155.8986,0.0,11.389,0.056,,,21.073,4.616,diskann|diskann_fp32_pq64|sift10m|warm||1
diskann,diskann_fp32_pq64,sift10m,warm,,"{""L"": 150, ""W"": 2}",1,3,99.688,0.0,6.1764,0.0274,161.8832,0.7213,691098.0,0.0,650841.3,0.0,158.8968,0.0,6.732,0.073,,,11.85,1.179,diskann|diskann_fp32_pq64|sift10m|warm||1
diskann,diskann_fp32_pq64,sift10m,warm,,"{""L"": 150, ""W"": 4}",1,3,99.692,0.0,3.7497,0.0035,266.6281,0.249,693449.5,0.0,676480.6,0.0,165.1564,0.0,4.176,0.05,,,7.785,0.227,diskann|diskann_fp32_pq64|sift10m|warm||1
diskann,diskann_fp32_pq64,sift10m,warm,,"{""L"": 200, ""W"": 1}",1,3,99.827,0.0,13.9195,0.1181,71.8369,0.605,889643.4,123.7,842708.6,0.0,205.7394,0.0,15.059,0.045,,,23.095,34.395,diskann|diskann_fp32_pq64|sift10m|warm||1
diskann,diskann_fp32_pq64,sift10m,warm,,"{""L"": 200, ""W"": 2}",1,3,99.829,0.0,8.1279,0.0308,123.0189,0.4659,890369.6,6.1,854631.2,0.0,208.6502,0.0,8.822,0.083,,,14.531,0.307,diskann|diskann_fp32_pq64|sift10m|warm||1
diskann,diskann_fp32_pq64,sift10m,warm,,"{""L"": 200, ""W"": 4}",1,3,99.833,0.0,4.9105,0.0181,203.6084,0.7484,892105.9,298.6,879498.4,0.0,214.7213,0.0,5.472,0.102,,,9.445,0.218,diskann|diskann_fp32_pq64|sift10m|warm||1
diskann,diskann_fp32_pq64,sift10m,warm,,"{""L"": 300, ""W"": 1}",1,3,99.925,0.0,20.7372,0.0987,48.2202,0.2299,1289097.6,0.0,1251497.2,0.0,305.5413,0.0,22.393,0.117,,,32.846,0.669,diskann|diskann_fp32_pq64|sift10m|warm||1
diskann,diskann_fp32_pq64,sift10m,warm,,"{""L"": 300, ""W"": 2}",1,3,99.925,0.0,12.0773,0.0254,82.7932,0.1742,1289436.8,195.3,1262893.9,0.0,308.3237,0.0,13.095,0.057,,,22.865,1.806,diskann|diskann_fp32_pq64|sift10m|warm||1
diskann,diskann_fp32_pq64,sift10m,warm,,"{""L"": 300, ""W"": 4}",1,3,99.926,0.0,7.23,0.0054,138.294,0.1028,1290836.0,274.1,1286679.8,0.0,314.1308,0.0,7.965,0.053,,,13.49,0.435,diskann|diskann_fp32_pq64|sift10m|warm||1
diskann,diskann_uint8_pq32,sift10m,warm,,"{""L"": 10, ""W"": 1}",1,3,68.038,0.0,1.0247,0.0043,975.187,4.0797,139125.6,32393.6,75481.1,0.0,18.428,0.0,1.378,0.015,,,3.61,0.432,diskann|diskann_uint8_pq32|sift10m|warm||1
diskann,diskann_uint8_pq32,sift10m,warm,,"{""L"": 10, ""W"": 2}",1,3,68.748,0.0,0.7159,0.0077,1395.5077,15.0854,143793.4,196.6,92167.4,0.0,22.5018,0.0,0.963,0.018,,,2.707,0.156,diskann|diskann_uint8_pq32|sift10m|warm||1
diskann,diskann_uint8_pq32,sift10m,warm,,"{""L"": 10, ""W"": 4}",1,3,70.136,0.0,0.5993,0.0072,1666.6299,19.6871,154266.4,373.5,127352.0,0.0,31.0918,0.0,0.814,0.009,,,2.183,0.751,diskann|diskann_uint8_pq32|sift10m|warm||1
diskann,diskann_uint8_pq32,sift10m,warm,,"{""L"": 20, ""W"": 1}",1,3,85.909,0.0,1.6597,0.0077,602.2542,2.8051,176869.8,118.4,114092.0,0.0,27.8545,0.0,2.003,0.009,,,4.633,0.93,diskann|diskann_uint8_pq32|sift10m|warm||1
diskann,diskann_uint8_pq32,sift10m,warm,,"{""L"": 20, ""W"": 2}",1,3,86.316,0.0,1.0788,0.0034,926.2783,2.9532,180513.6,273.2,129763.7,0.0,31.6806,0.0,1.328,0.004,,,3.402,0.798,diskann|diskann_uint8_pq32|sift10m|warm||1
diskann,diskann_uint8_pq32,sift10m,warm,,"{""L"": 20, ""W"": 4}",1,3,87.071,0.0,0.8044,0.0138,1242.0796,21.2537,189200.4,439.1,162625.9,0.0,39.7036,0.0,1.025,0.025,,,3.128,0.94,diskann|diskann_uint8_pq32|sift10m|warm||1
diskann,diskann_uint8_pq32,sift10m,warm,,"{""L"": 30, ""W"": 1}",1,3,92.131,0.0,2.3241,0.025,430.1252,4.6068,215302.6,157.7,153295.3,0.0,37.4256,0.0,2.658,0.05,,,6.38,0.328,diskann|diskann_uint8_pq32|sift10m|warm||1
diskann,diskann_uint8_pq32,sift10m,warm,,"{""L"": 30, ""W"": 2}",1,3,92.361,0.0,1.4571,0.0142,685.9199,6.7256,218357.4,262.6,168264.5,0.0,41.0802,0.0,1.703,0.04,,,4.14,1.326,diskann|diskann_uint8_pq32|sift10m|warm||1
diskann,diskann_uint8_pq32,sift10m,warm,,"{""L"": 30, ""W"": 4}",1,3,92.754,0.0,1.0087,0.0068,990.6346,6.6875,225486.0,86.0,199524.4,0.0,48.712,0.0,1.229,0.012,,,3.165,0.308,diskann|diskann_uint8_pq32|sift10m|warm||1
diskann,diskann_uint8_pq32,sift10m,warm,,"{""L"": 50, ""W"": 1}",1,3,96.579,0.0,3.6792,0.0262,271.7361,1.9334,293786.8,142.6,233340.1,0.0,56.9678,0.0,4.046,0.058,,,7.835,0.058,diskann|diskann_uint8_pq32|sift10m|warm||1
diskann,diskann_uint8_pq32,sift10m,warm,,"{""L"": 50, ""W"": 2}",1,3,96.663,0.0,2.2265,0.0098,448.976,1.9728,296088.4,172.9,247509.8,0.0,60.4272,0.0,2.491,0.012,,,6.097,0.061,diskann|diskann_uint8_pq32|sift10m|warm||1
diskann,diskann_uint8_pq32,sift10m,warm,,"{""L"": 50, ""W"": 4}",1,3,96.775,0.0,1.4458,0.0146,691.2669,6.9081,301355.4,399.0,276853.6,0.0,67.5912,0.0,1.667,0.046,,,4.101,0.529,diskann|diskann_uint8_pq32|sift10m|warm||1
diskann,diskann_uint8_pq32,sift10m,warm,,"{""L"": 75, ""W"": 1}",1,3,98.313,0.0,5.3561,0.0267,186.673,0.9373,392850.2,142.6,334445.8,0.0,81.6518,0.0,5.824,0.063,,,11.364,1.031,diskann|diskann_uint8_pq32|sift10m|warm||1
diskann,diskann_uint8_pq32,sift10m,warm,,"{""L"": 75, ""W"": 2}",1,3,98.336,0.0,3.1778,0.0157,314.6076,1.5534,394719.6,306.8,347989.2,0.0,84.9583,0.0,3.477,0.036,,,7.181,0.146,diskann|diskann_uint8_pq32|sift10m|warm||1
diskann,diskann_uint8_pq32,sift10m,warm,,"{""L"": 75, ""W"": 4}",1,3,98.393,0.0,2.0017,0.0102,499.3794,2.5365,398628.0,474.3,376085.7,0.0,91.8178,0.0,2.252,0.009,,,5.451,1.232,diskann|diskann_uint8_pq32|sift10m|warm||1
diskann,diskann_uint8_pq32,sift10m,warm,,"{""L"": 100, ""W"": 1}",1,3,99.044,0.0,7.0488,0.0134,141.8506,0.2699,492375.2,0.0,436082.7,0.0,106.4655,0.0,7.633,0.006,,,13.549,0.108,diskann|diskann_uint8_pq32|sift10m|warm||1
diskann,diskann_uint8_pq32,sift10m,warm,,"{""L"": 100, ""W"": 2}",1,3,99.049,0.0,4.1553,0.0042,240.61,0.2421,493772.4,184.8,449121.1,0.0,109.6487,0.0,4.53,0.035,,,8.439,0.293,diskann|diskann_uint8_pq32|sift10m|warm||1
diskann,diskann_uint8_pq32,sift10m,warm,,"{""L"": 100, ""W"": 4}",1,3,99.08,0.0,2.5808,0.0098,387.3531,1.465,497407.2,145.8,476332.4,0.0,116.2921,0.0,2.884,0.052,,,6.486,0.08,diskann|diskann_uint8_pq32|sift10m|warm||1
diskann,diskann_uint8_pq32,sift10m,warm,,"{""L"": 150, ""W"": 1}",1,3,99.573,0.0,10.4528,0.0139,95.6603,0.1266,691785.3,89.7,639861.1,0.0,156.2161,0.0,11.257,0.066,,,17.309,0.361,diskann|diskann_uint8_pq32|sift10m|warm||1
diskann,diskann_uint8_pq32,sift10m,warm,,"{""L"": 150, ""W"": 2}",1,3,99.581,0.0,6.1046,0.0272,163.7894,0.7274,692880.2,165.5,652358.9,0.0,159.2673,0.0,6.613,0.062,,,11.711,0.508,diskann|diskann_uint8_pq32|sift10m|warm||1
diskann,diskann_uint8_pq32,sift10m,warm,,"{""L"": 150, ""W"": 4}",1,3,99.594,0.0,3.7047,0.0173,269.8642,1.2545,695513.9,246.1,678380.3,0.0,165.6202,0.0,4.098,0.064,,,7.813,0.185,diskann|diskann_uint8_pq32|sift10m|warm||1
diskann,diskann_uint8_pq32,sift10m,warm,,"{""L"": 200, ""W"": 1}",1,3,99.752,0.0,13.8701,0.0179,72.0929,0.093,891497.3,97.5,843962.0,0.0,206.0454,0.0,14.919,0.022,,,25.434,0.378,diskann|diskann_uint8_pq32|sift10m|warm||1
diskann,diskann_uint8_pq32,sift10m,warm,,"{""L"": 200, ""W"": 2}",1,3,99.753,0.0,8.0672,0.0243,123.9439,0.3733,892425.4,279.7,856061.1,0.0,208.9993,0.0,8.706,0.08,,,14.326,0.477,diskann|diskann_uint8_pq32|sift10m|warm||1
diskann,diskann_uint8_pq32,sift10m,warm,,"{""L"": 200, ""W"": 4}",1,3,99.756,0.0,4.8633,0.2556,205.5852,10.3763,894611.9,222.4,881309.3,0.0,215.1634,0.0,5.38,0.137,,,9.275,29.683,diskann|diskann_uint8_pq32|sift10m|warm||1
diskann,diskann_uint8_pq32,sift10m,warm,,"{""L"": 300, ""W"": 1}",1,3,99.89,0.0,20.6198,0.041,48.4949,0.0965,1291422.5,47.9,1252669.4,0.0,305.8275,0.0,22.208,0.035,,,33.115,0.685,diskann|diskann_uint8_pq32|sift10m|warm||1
diskann,diskann_uint8_pq32,sift10m,warm,,"{""L"": 300, ""W"": 2}",1,3,99.889,0.0,11.9894,0.0408,83.4001,0.284,1292043.9,60.2,1264284.5,0.0,308.6632,0.0,12.912,0.075,,,22.862,4.459,diskann|diskann_uint8_pq32|sift10m|warm||1
diskann,diskann_uint8_pq32,sift10m,warm,,"{""L"": 300, ""W"": 4}",1,3,99.891,0.0,7.1277,0.0066,140.2803,0.1286,1293363.6,425.2,1288393.1,0.0,314.5491,0.0,7.827,0.047,,,13.138,1.439,diskann|diskann_uint8_pq32|sift10m|warm||1
diskann,diskann_uint8_pq64,sift10m,warm,,"{""L"": 10, ""W"": 1}",1,3,79.234,0.0,1.0288,0.0048,971.299,4.507,137997.5,70.8,74116.7,0.0,18.0949,0.0,1.363,0.002,,,3.511,0.463,diskann|diskann_uint8_pq64|sift10m|warm||1
diskann,diskann_uint8_pq64,sift10m,warm,,"{""L"": 10, ""W"": 2}",1,3,80.513,0.0,0.7357,0.0061,1358.016,11.3519,142441.7,76.2,90664.1,0.0,22.1348,0.0,0.986,0.009,,,2.699,0.587,diskann|diskann_uint8_pq64|sift10m|warm||1
diskann,diskann_uint8_pq64,sift10m,warm,,"{""L"": 10, ""W"": 4}",1,3,82.363,0.0,0.6272,0.0025,1592.6722,6.291,152632.5,131.0,125403.1,0.0,30.616,0.0,0.84,0.004,,,2.334,0.399,diskann|diskann_uint8_pq64|sift10m|warm||1
diskann,diskann_uint8_pq64,sift10m,warm,,"{""L"": 20, ""W"": 1}",1,3,90.859,0.0,1.6734,0.0049,597.318,1.7562,175743.4,63.9,112729.3,0.0,27.5218,0.0,2.012,0.014,,,5.287,0.668,diskann|diskann_uint8_pq64|sift10m|warm||1
diskann,diskann_uint8_pq64,sift10m,warm,,"{""L"": 20, ""W"": 2}",1,3,91.358,0.0,1.1037,0.0057,905.4595,4.6931,179154.9,188.4,128144.2,0.0,31.2852,0.0,1.358,0.02,,,3.683,0.094,diskann|diskann_uint8_pq64|sift10m|warm||1
diskann,diskann_uint8_pq64,sift10m,warm,,"{""L"": 20, ""W"": 4}",1,3,92.266,0.0,0.8358,0.0112,1195.4337,16.1047,187276.9,304.8,160723.4,0.0,39.2391,0.0,1.061,0.024,,,2.922,0.576,diskann|diskann_uint8_pq64|sift10m|warm||1
diskann,diskann_uint8_pq64,sift10m,warm,,"{""L"": 30, ""W"": 1}",1,3,94.519,0.0,2.3391,0.0022,427.3795,0.3962,214385.9,91.8,152135.7,0.0,37.1425,0.0,2.689,0.008,,,6.296,0.127,diskann|diskann_uint8_pq64|sift10m|warm||1
diskann,diskann_uint8_pq64,sift10m,warm,,"{""L"": 30, ""W"": 2}",1,3,94.757,0.0,1.4798,0.0076,675.412,3.4769,217125.3,32.8,166799.0,0.0,40.7224,0.0,1.729,0.024,,,4.415,0.286,diskann|diskann_uint8_pq64|sift10m|warm||1
diskann,diskann_uint8_pq64,sift10m,warm,,"{""L"": 30, ""W"": 4}",1,3,95.198,0.0,1.0483,0.0105,953.203,9.4794,223764.9,78.2,197765.9,0.0,48.2827,0.0,1.275,0.024,,,3.598,0.403,diskann|diskann_uint8_pq64|sift10m|warm||1
diskann,diskann_uint8_pq64,sift10m,warm,,"{""L"": 50, ""W"": 1}",1,3,97.377,0.0,3.6872,0.0206,271.1461,1.5269,292542.5,143.0,232067.5,0.0,56.6571,0.0,4.084,0.057,,,8.542,1.086,diskann|diskann_uint8_pq64|sift10m|warm||1
diskann,diskann_uint8_pq64,sift10m,warm,,"{""L"": 50, ""W"": 2}",1,3,97.445,0.0,2.2481,0.0118,444.6693,2.3315,294746.1,161.0,245988.1,0.0,60.0557,0.0,2.504,0.032,,,5.989,0.074,diskann|diskann_uint8_pq64|sift10m|warm||1
diskann,diskann_uint8_pq64,sift10m,warm,,"{""L"": 50, ""W"": 4}",1,3,97.612,0.0,1.4914,0.0042,670.1614,1.9115,299577.8,0.0,274930.5,0.0,67.1217,0.0,1.737,0.025,,,4.37,0.395,diskann|diskann_uint8_pq64|sift10m|warm||1
diskann,diskann_uint8_pq64,sift10m,warm,,"{""L"": 75, ""W"": 1}",1,3,98.709,0.0,5.3782,0.017,185.9054,0.5893,391706.6,0.0,333325.5,0.0,81.3783,0.0,5.887,0.032,,,10.137,0.14,diskann|diskann_uint8_pq64|sift10m|warm||1
diskann,diskann_uint8_pq64,sift10m,warm,,"{""L"": 75, ""W"": 2}",1,3,98.716,0.0,3.2159,0.0202,310.8756,1.9382,393216.4,247.4,346594.1,0.0,84.6177,0.0,3.531,0.105,,,7.313,0.179,diskann|diskann_uint8_pq64|sift10m|warm||1
diskann,diskann_uint8_pq64,sift10m,warm,,"{""L"": 75, ""W"": 4}",1,3,98.79,0.0,2.0547,0.0105,486.4887,2.4973,396885.6,284.7,374326.9,0.0,91.3884,0.0,2.334,0.038,,,5.622,0.878,diskann|diskann_uint8_pq64|sift10m|warm||1
diskann,diskann_uint8_pq64,sift10m,warm,,"{""L"": 100, ""W"": 1}",1,3,99.246,0.0,7.0919,0.2478,140.9881,4.7693,491166.1,43.8,434979.2,0.0,106.1961,0.0,7.738,0.133,,,13.854,23.27,diskann|diskann_uint8_pq64|sift10m|warm||1
diskann,diskann_uint8_pq64,sift10m,warm,,"{""L"": 100, ""W"": 2}",1,3,99.257,0.0,4.2051,0.0084,237.7621,0.4716,492400.6,0.0,447804.2,0.0,109.3272,0.0,4.605,0.027,,,8.355,0.576,diskann|diskann_uint8_pq64|sift10m|warm||1
diskann,diskann_uint8_pq64,sift10m,warm,,"{""L"": 100, ""W"": 4}",1,3,99.281,0.0,2.6431,0.0128,378.2279,1.8279,495568.1,3.3,474622.4,0.0,115.8746,0.0,2.999,0.06,,,6.423,0.16,diskann|diskann_uint8_pq64|sift10m|warm||1
diskann,diskann_uint8_pq64,sift10m,warm,,"{""L"": 150, ""W"": 1}",1,3,99.682,0.0,10.4672,0.0299,95.5279,0.2734,690375.5,65.9,638764.2,0.0,155.9483,0.0,11.311,0.022,,,17.342,3.856,diskann|diskann_uint8_pq64|sift10m|warm||1
diskann,diskann_uint8_pq64,sift10m,warm,,"{""L"": 150, ""W"": 2}",1,3,99.687,0.0,6.1651,0.0177,162.1805,0.4639,691327.4,33.5,651080.1,0.0,158.9551,0.0,6.727,0.05,,,11.413,0.76,diskann|diskann_uint8_pq64|sift10m|warm||1
diskann,diskann_uint8_pq64,sift10m,warm,,"{""L"": 150, ""W"": 4}",1,3,99.693,0.0,3.7959,0.0182,263.3858,1.2665,693557.7,177.0,676742.3,0.0,165.2203,0.0,4.275,0.081,,,8.178,0.599,diskann|diskann_uint8_pq64|sift10m|warm||1
diskann,diskann_uint8_pq64,sift10m,warm,,"{""L"": 200, ""W"": 1}",1,3,99.834,0.0,13.899,0.0938,71.9427,0.4848,889854.4,91.0,842908.9,0.0,205.7883,0.0,15.046,0.102,,,24.227,1.714,diskann|diskann_uint8_pq64|sift10m|warm||1
diskann,diskann_uint8_pq64,sift10m,warm,,"{""L"": 200, ""W"": 2}",1,3,99.838,0.0,8.1566,0.0319,122.5859,0.4801,890638.3,149.5,854899.1,0.0,208.7156,0.0,8.873,0.045,,,14.694,0.824,diskann|diskann_uint8_pq64|sift10m|warm||1
diskann,diskann_uint8_pq64,sift10m,warm,,"{""L"": 200, ""W"": 4}",1,3,99.841,0.0,4.9405,0.0014,202.3721,0.0587,892201.4,360.0,879770.0,0.0,214.7876,0.0,5.514,0.027,,,9.414,0.168,diskann|diskann_uint8_pq64|sift10m|warm||1
diskann,diskann_uint8_pq64,sift10m,warm,,"{""L"": 300, ""W"": 1}",1,3,99.932,0.0,20.6964,0.0178,48.3152,0.0415,1289289.7,127.4,1251629.5,0.0,305.5736,0.0,22.346,0.116,,,32.818,1.333,diskann|diskann_uint8_pq64|sift10m|warm||1
diskann,diskann_uint8_pq64,sift10m,warm,,"{""L"": 300, ""W"": 2}",1,3,99.933,0.0,12.1178,0.3154,82.5164,2.0947,1289823.0,0.0,1263135.9,0.0,308.3828,0.0,13.184,0.082,,,20.536,59.077,diskann|diskann_uint8_pq64|sift10m|warm||1
diskann,diskann_uint8_pq64,sift10m,warm,,"{""L"": 300, ""W"": 4}",1,3,99.933,0.0,7.2594,0.0172,137.7353,0.3258,1291114.1,281.8,1286966.1,0.0,314.2007,0.0,8.078,0.051,,,12.887,0.871,diskann|diskann_uint8_pq64|sift10m|warm||1
tapeann,tape_int8,sift10m,ram_capped_1p5gb,1610612736,"{""probes"": 10}",1,3,75.678,0.0,0.4991,0.0128,2003.7387,52.147,228808.7,319.9,1834845.4,0.0,10.0,0.0,0.9048,0.0254,1.3485,0.0351,2.0802,0.0548,tapeann|tape_int8|sift10m|ram_capped_1p5gb|1610612736|1
tapeann,tape_int8,sift10m,ram_capped_1p5gb,1610612736,"{""probes"": 15}",1,3,81.961,0.0,0.6306,0.0067,1585.9105,16.7947,276142.1,31.5,2728652.4,0.0,15.0,0.0,1.0837,0.0315,1.5826,0.0585,2.6428,0.1209,tapeann|tape_int8|sift10m|ram_capped_1p5gb|1610612736|1
tapeann,tape_int8,sift10m,ram_capped_1p5gb,1610612736,"{""probes"": 20}",1,3,85.753,0.0,0.753,0.0144,1328.077,25.3515,321334.5,387.8,3614573.4,0.0,20.0,0.0,1.2662,0.0421,1.829,0.0379,2.9041,0.073,tapeann|tape_int8|sift10m|ram_capped_1p5gb|1610612736|1
tapeann,tape_int8,sift10m,ram_capped_1p5gb,1610612736,"{""probes"": 25}",1,3,88.353,0.0,0.9238,0.026,1082.5306,30.5137,373157.9,717.2,4490868.3,0.0,25.0,0.0,1.5471,0.0392,2.2775,0.0777,3.3358,0.3411,tapeann|tape_int8|sift10m|ram_capped_1p5gb|1610612736|1
tapeann,tape_int8,sift10m,ram_capped_1p5gb,1610612736,"{""probes"": 30}",1,3,90.128,0.0,1.0542,0.0159,948.5987,14.1334,426047.9,4963.9,5360564.6,0.0,30.0,0.0,1.7807,0.0422,2.6016,0.0969,3.7532,0.1212,tapeann|tape_int8|sift10m|ram_capped_1p5gb|1610612736|1
tapeann,tape_int8,sift10m,ram_capped_1p5gb,1610612736,"{""probes"": 35}",1,3,91.499,0.0,1.2089,0.0121,827.2052,8.2404,479676.8,545.5,6224980.4,0.0,35.0,0.0,2.0385,0.0402,2.9357,0.1914,4.1455,0.512,tapeann|tape_int8|sift10m|ram_capped_1p5gb|1610612736|1
tapeann,tape_int8,sift10m,ram_capped_1p5gb,1610612736,"{""probes"": 40}",1,3,92.549,0.0,1.3641,0.0132,733.0681,7.1624,553481.8,3668.0,7084514.9,0.0,40.0,0.0,2.2992,0.015,3.3037,0.0597,4.4125,0.5696,tapeann|tape_int8|sift10m|ram_capped_1p5gb|1610612736|1
tapeann,tape_int8,sift10m,ram_capped_1p5gb,1610612736,"{""probes"": 50}",1,3,94.044,0.0,1.6824,0.0254,594.3805,8.8794,663851.8,7582.5,8788229.7,0.0,50.0,0.0,2.8173,0.0446,4.0136,0.138,5.5349,0.3098,tapeann|tape_int8|sift10m|ram_capped_1p5gb|1610612736|1
tapeann,tape_int8,sift10m,ram_capped_1p5gb,1610612736,"{""probes"": 70}",1,3,95.858,0.0,2.3854,0.0063,419.213,1.1076,965229.4,772.1,12156692.1,0.0,70.0,0.0,3.9247,0.0169,5.4816,0.1062,6.9999,0.6451,tapeann|tape_int8|sift10m|ram_capped_1p5gb|1610612736|1
tapeann,tape_int8,sift10m,ram_capped_1p5gb,1610612736,"{""probes"": 100}",1,3,97.158,0.0,3.4939,0.0285,286.2144,2.3413,1527214.5,1526818.4,17136076.4,0.0,100.0,0.0,5.5723,0.0961,7.1856,0.1581,9.7131,1.0048,tapeann|tape_int8|sift10m|ram_capped_1p5gb|1610612736|1
tapeann,tape_int8,sift10m,ram_capped_1p5gb,1610612736,"{""probes"": 150}",1,3,98.029,0.0,5.4541,0.0784,183.348,2.627,2808870.5,3408.7,25298538.5,0.0,150.0,0.0,8.1244,0.1215,10.0151,0.1213,12.6261,1.5039,tapeann|tape_int8|sift10m|ram_capped_1p5gb|1610612736|1
tapeann,tape_int8,sift10m,ram_capped_1p5gb,1610612736,"{""probes"": 200}",1,3,98.409,0.0,7.4455,0.0793,134.3094,1.4172,4511187.8,4517777.8,33347978.9,0.0,200.0,0.0,10.8191,0.1138,12.7845,0.0888,15.3721,0.9105,tapeann|tape_int8|sift10m|ram_capped_1p5gb|1610612736|1
tapeann,tape_int8,sift10m,ram_capped_1p5gb,1610612736,"{""probes"": 300}",1,3,98.704,0.0,11.5576,0.0574,86.523,0.4303,9535770.2,9508461.3,49240021.4,0.0,300.0,0.0,16.1723,0.1214,18.4645,0.0518,21.9815,1.7851,tapeann|tape_int8|sift10m|ram_capped_1p5gb|1610612736|1
tapeann,tape_int8,sift10m,ram_capped_1p5gb,1610612736,"{""probes"": 500}",1,3,98.853,0.0,20.8887,0.0318,47.8727,0.0729,27364986.9,64101.2,80516422.9,0.0,500.0,0.0,28.8707,0.0655,34.6431,1.2147,52.4565,2.8652,tapeann|tape_int8|sift10m|ram_capped_1p5gb|1610612736|1
tapeann,tape_int8,sift10m,ram_capped_1p5gb,1610612736,"{""probes"": 750}",1,3,98.881,0.0,40.5107,0.3522,24.6848,0.2148,86248601.2,690522.5,119079824.6,0.0,750.0,0.0,66.3333,0.9217,95.8974,5.2726,139.6627,9.4729,tapeann|tape_int8|sift10m|ram_capped_1p5gb|1610612736|1
tapeann,tape_int8,sift10m,ram_capped_1p5gb,1610612736,"{""probes"": 1000}",1,3,98.889,0.0,75.3032,0.6961,13.2796,0.123,213477892.9,3478659.0,157302132.7,0.0,1000.0,0.0,135.3327,2.9224,183.7935,10.1727,262.3233,9.7155,tapeann|tape_int8|sift10m|ram_capped_1p5gb|1610612736|1
tapeann,tape_int8,sift10m,ram_capped_1p5gb,1610612736,"{""probes"": 45}",1,3,93.388,0.0,1.7796,0.0334,561.9244,10.6385,592013.3,15567.7,7937375.4,0.0,45.0,0.0,2.97,0.0686,4.0819,0.0925,5.7619,0.5873,tapeann|tape_int8|sift10m|ram_capped_1p5gb|1610612736|1
tapeann,tape_int8,sift10m,ram_capped_1p5gb,1610612736,"{""probes"": 55}",1,3,94.601,0.0,2.1489,0.052,465.3563,11.2856,738814.0,9432.6,9636473.7,0.0,55.0,0.0,3.5609,0.0886,4.8114,0.0418,6.5403,0.2807,tapeann|tape_int8|sift10m|ram_capped_1p5gb|1610612736|1
tapeann,tape_int8,sift10m,ram_capped_1p5gb,1610612736,"{""probes"": 60}",1,3,95.09,0.0,2.3361,0.0181,428.0574,3.323,798027.0,7709.1,10477979.2,0.0,60.0,0.0,3.8813,0.0615,5.1914,0.1204,6.9993,0.132,tapeann|tape_int8|sift10m|ram_capped_1p5gb|1610612736|1
tapeann,tape_int8,sift10m,ram_capped_1p5gb,1610612736,"{""probes"": 65}",1,3,95.481,0.0,2.5204,0.0205,396.7653,3.2229,888331.9,1713.0,11318886.8,0.0,65.0,0.0,4.1667,0.0453,5.6127,0.088,7.515,1.014,tapeann|tape_int8|sift10m|ram_capped_1p5gb|1610612736|1
tapeann,tape_int8,sift10m,ram_capped_1p5gb,1610612736,"{""probes"": 80}",1,3,96.403,0.0,3.1189,0.024,320.6209,2.4859,1137585.8,1240.3,13823243.5,0.0,80.0,0.0,5.0372,0.067,6.6387,0.2801,8.3293,1.6115,tapeann|tape_int8|sift10m|ram_capped_1p5gb|1610612736|1
tapeann,tape_int8,sift10m,ram_capped_1p5gb,1610612736,"{""probes"": 90}",1,3,96.835,0.0,3.5542,0.1107,281.361,8.8416,1327338.3,1347.6,15486324.3,0.0,90.0,0.0,5.7238,0.1596,7.3399,0.0924,9.4601,1.0804,tapeann|tape_int8|sift10m|ram_capped_1p5gb|1610612736|1
diskann,diskann_fp32_pq64,sift10m,ram_capped_1p5gb,1610612736,"{""L"": 10, ""W"": 1}",1,3,79.128,0.0,1.3501,0.0206,740.2939,11.377,140585.4,91.4,73893.1,0.0,18.0403,0.0,1.684,0.005,,,6.499,4.709,diskann|diskann_fp32_pq64|sift10m|ram_capped_1p5gb|1610612736|1
diskann,diskann_fp32_pq64,sift10m,ram_capped_1p5gb,1610612736,"{""L"": 10, ""W"": 2}",1,3,80.444,0.0,0.9917,0.004,1007.6615,4.0814,156828.1,84.4,90361.4,0.0,22.0609,0.0,1.263,0.009,,,3.62,0.239,diskann|diskann_fp32_pq64|sift10m|ram_capped_1p5gb|1610612736|1
diskann,diskann_fp32_pq64,sift10m,ram_capped_1p5gb,1610612736,"{""L"": 10, ""W"": 4}",1,3,82.401,0.0,0.8966,0.0106,1114.4701,13.067,191860.3,234.7,125155.3,0.0,30.5555,0.0,1.128,0.028,,,3.336,0.367,diskann|diskann_fp32_pq64|sift10m|ram_capped_1p5gb|1610612736|1
diskann,diskann_fp32_pq64,sift10m,ram_capped_1p5gb,1610612736,"{""L"": 20, ""W"": 1}",1,3,90.878,0.0,2.072,0.0346,482.4553,8.1122,179227.9,68.8,112566.3,0.0,27.482,0.0,2.376,0.021,,,12.11,36.124,diskann|diskann_fp32_pq64|sift10m|ram_capped_1p5gb|1610612736|1
diskann,diskann_fp32_pq64,sift10m,ram_capped_1p5gb,1610612736,"{""L"": 20, ""W"": 2}",1,3,91.39,0.0,1.374,0.0059,727.3983,3.0895,194517.4,119.1,127905.4,0.0,31.2269,0.0,1.645,0.004,,,4.764,1.359,diskann|diskann_fp32_pq64|sift10m|ram_capped_1p5gb|1610612736|1
diskann,diskann_fp32_pq64,sift10m,ram_capped_1p5gb,1610612736,"{""L"": 20, ""W"": 4}",1,3,92.312,0.0,1.1162,0.0071,895.3409,5.7242,227152.3,70.1,160444.4,0.0,39.171,0.0,1.38,0.021,,,4.02,0.66,diskann|diskann_fp32_pq64|sift10m|ram_capped_1p5gb|1610612736|1
diskann,diskann_fp32_pq64,sift10m,ram_capped_1p5gb,1610612736,"{""L"": 30, ""W"": 1}",1,3,94.566,0.0,2.7271,0.0447,366.5813,5.9603,218596.6,34.4,151937.0,0.0,37.094,0.0,3.035,0.027,,,13.849,6.593,diskann|diskann_fp32_pq64|sift10m|ram_capped_1p5gb|1610612736|1
diskann,diskann_fp32_pq64,sift10m,ram_capped_1p5gb,1610612736,"{""L"": 30, ""W"": 2}",1,3,94.781,0.0,1.764,0.0054,566.6598,1.7313,233066.1,70.0,166566.7,0.0,40.6657,0.0,2.047,0.028,,,5.386,0.381,diskann|diskann_fp32_pq64|sift10m|ram_capped_1p5gb|1610612736|1
diskann,diskann_fp32_pq64,sift10m,ram_capped_1p5gb,1610612736,"{""L"": 30, ""W"": 4}",1,3,95.183,0.0,1.3363,0.0098,747.9142,5.5333,264098.6,0.4,197390.7,0.0,48.1911,0.0,1.596,0.019,,,4.713,0.428,diskann|diskann_fp32_pq64|sift10m|ram_capped_1p5gb|1610612736|1
diskann,diskann_fp32_pq64,sift10m,ram_capped_1p5gb,1610612736,"{""L"": 50, ""W"": 1}",1,3,97.409,0.0,4.0934,0.0595,244.2482,3.5477,298493.1,137.2,231785.3,0.0,56.5882,0.0,4.418,0.031,,,13.424,0.958,diskann|diskann_fp32_pq64|sift10m|ram_capped_1p5gb|1610612736|1
diskann,diskann_fp32_pq64,sift10m,ram_capped_1p5gb,1610612736,"{""L"": 50, ""W"": 2}",1,3,97.467,0.0,2.5413,0.0107,393.3816,1.6601,312403.1,143.3,245695.3,0.0,59.9842,0.0,2.826,0.026,,,6.615,0.133,diskann|diskann_fp32_pq64|sift10m|ram_capped_1p5gb|1610612736|1
diskann,diskann_fp32_pq64,sift10m,ram_capped_1p5gb,1610612736,"{""L"": 50, ""W"": 4}",1,3,97.624,0.0,1.7843,0.0311,560.2092,9.7439,341363.5,242.9,274655.6,0.0,67.0546,0.0,2.062,0.114,,,5.888,0.725,diskann|diskann_fp32_pq64|sift10m|ram_capped_1p5gb|1610612736|1
diskann,diskann_fp32_pq64,sift10m,ram_capped_1p5gb,1610612736,"{""L"": 75, ""W"": 1}",1,3,98.723,0.0,5.8453,0.0345,171.0533,1.007,399740.9,125.3,333033.1,0.0,81.3069,0.0,6.246,0.046,,,23.415,39.46,diskann|diskann_fp32_pq64|sift10m|ram_capped_1p5gb|1610612736|1
diskann,diskann_fp32_pq64,sift10m,ram_capped_1p5gb,1610612736,"{""L"": 75, ""W"": 2}",1,3,98.739,0.0,3.5154,0.0072,284.4009,0.5795,413026.7,283.4,346318.8,0.0,84.5505,0.0,3.848,0.033,,,7.632,0.258,diskann|diskann_fp32_pq64|sift10m|ram_capped_1p5gb|1610612736|1
diskann,diskann_fp32_pq64,sift10m,ram_capped_1p5gb,1610612736,"{""L"": 75, ""W"": 4}",1,3,98.801,0.0,2.3417,0.006,426.9023,1.0901,440549.0,195.8,374020.5,0.0,91.3136,0.0,2.626,0.012,,,6.387,1.458,diskann|diskann_fp32_pq64|sift10m|ram_capped_1p5gb|1610612736|1
diskann,diskann_fp32_pq64,sift10m,ram_capped_1p5gb,1610612736,"{""L"": 100, ""W"": 1}",1,3,99.26,0.0,7.6032,0.0735,131.5093,1.273,501434.8,71.3,434739.6,0.0,106.1376,0.0,8.098,0.043,,,22.049,49.57,diskann|diskann_fp32_pq64|sift10m|ram_capped_1p5gb|1610612736|1
diskann,diskann_fp32_pq64,sift10m,ram_capped_1p5gb,1610612736,"{""L"": 100, ""W"": 2}",1,3,99.278,0.0,4.5207,0.0495,221.1656,2.406,514099.6,246.6,447564.6,0.0,109.2687,0.0,4.907,0.127,,,9.802,2.25,diskann|diskann_fp32_pq64|sift10m|ram_capped_1p5gb|1610612736|1
diskann,diskann_fp32_pq64,sift10m,ram_capped_1p5gb,1610612736,"{""L"": 100, ""W"": 4}",1,3,99.301,0.0,2.9427,0.0236,339.734,2.7086,541064.0,251.1,474356.1,0.0,115.8096,0.0,3.292,0.096,,,7.155,0.319,diskann|diskann_fp32_pq64|sift10m|ram_capped_1p5gb|1610612736|1
diskann,diskann_fp32_pq64,sift10m,ram_capped_1p5gb,1610612736,"{""L"": 150, ""W"": 1}",1,3,99.682,0.0,11.0812,0.1786,90.2354,1.4401,705268.5,150.8,638560.7,0.0,155.8986,0.0,11.78,0.08,,,30.982,64.714,diskann|diskann_fp32_pq64|sift10m|ram_capped_1p5gb|1610612736|1
diskann,diskann_fp32_pq64,sift10m,ram_capped_1p5gb,1610612736,"{""L"": 150, ""W"": 2}",1,3,99.688,0.0,6.5246,0.0355,153.2463,0.8384,717531.1,267.1,650841.3,0.0,158.8968,0.0,7.055,0.05,,,12.787,0.778,diskann|diskann_fp32_pq64|sift10m|ram_capped_1p5gb|1610612736|1
diskann,diskann_fp32_pq64,sift10m,ram_capped_1p5gb,1610612736,"{""L"": 150, ""W"": 4}",1,3,99.692,0.0,4.0816,0.0201,244.9496,1.2043,743021.0,491.5,676480.6,0.0,165.1564,0.0,4.555,0.041,,,9.531,0.528,diskann|diskann_fp32_pq64|sift10m|ram_capped_1p5gb|1610612736|1
diskann,diskann_fp32_pq64,sift10m,ram_capped_1p5gb,1610612736,"{""L"": 200, ""W"": 1}",1,3,99.827,0.0,14.6614,0.0438,68.2022,0.2032,909306.3,114.6,842708.6,0.0,205.7394,0.0,15.543,0.027,,,76.387,28.63,diskann|diskann_fp32_pq64|sift10m|ram_capped_1p5gb|1610612736|1
diskann,diskann_fp32_pq64,sift10m,ram_capped_1p5gb,1610612736,"{""L"": 200, ""W"": 2}",1,3,99.829,0.0,8.4627,0.053,118.1532,0.7362,921208.4,149.9,854631.2,0.0,208.6502,0.0,9.16,0.07,,,17.472,3.114,diskann|diskann_fp32_pq64|sift10m|ram_capped_1p5gb|1610612736|1
diskann,diskann_fp32_pq64,sift10m,ram_capped_1p5gb,1610612736,"{""L"": 200, ""W"": 4}",1,3,99.833,0.0,5.2661,0.0427,189.863,1.5421,946206.3,459.6,879498.4,0.0,214.7213,0.0,5.807,0.065,,,11.368,3.034,diskann|diskann_fp32_pq64|sift10m|ram_capped_1p5gb|1610612736|1
diskann,diskann_fp32_pq64,sift10m,ram_capped_1p5gb,1610612736,"{""L"": 300, ""W"": 1}",1,3,99.925,0.0,21.6519,0.0868,46.1833,0.1851,1318188.6,36.4,1251497.2,0.0,305.5413,0.0,23.032,0.095,,,96.229,25.938,diskann|diskann_fp32_pq64|sift10m|ram_capped_1p5gb|1610612736|1
diskann,diskann_fp32_pq64,sift10m,ram_capped_1p5gb,1610612736,"{""L"": 300, ""W"": 2}",1,3,99.925,0.0,12.4152,0.0743,80.5408,0.4801,1329526.0,96.7,1262893.9,0.0,308.3237,0.0,13.338,0.075,,,24.159,3.319,diskann|diskann_fp32_pq64|sift10m|ram_capped_1p5gb|1610612736|1
diskann,diskann_fp32_pq64,sift10m,ram_capped_1p5gb,1610612736,"{""L"": 300, ""W"": 4}",1,3,99.926,0.0,7.5796,0.0171,131.9176,0.2981,1353388.0,1352765.8,1286679.8,0.0,314.1308,0.0,8.345,0.064,,,14.9,1.947,diskann|diskann_fp32_pq64|sift10m|ram_capped_1p5gb|1610612736|1
diskann,diskann_uint8_pq32,sift10m,ram_capped_1p5gb,1610612736,"{""L"": 10, ""W"": 1}",1,3,68.038,0.0,1.3485,0.0232,741.2031,12.7273,109806.8,32.4,75481.1,0.0,18.428,0.0,1.691,0.029,,,5.418,0.627,diskann|diskann_uint8_pq32|sift10m|ram_capped_1p5gb|1610612736|1
diskann,diskann_uint8_pq32,sift10m,ram_capped_1p5gb,1610612736,"{""L"": 10, ""W"": 2}",1,3,68.748,0.0,0.9902,0.0056,1009.231,5.7186,126351.4,224.8,92167.4,0.0,22.5018,0.0,1.265,0.015,,,3.65,0.573,diskann|diskann_uint8_pq32|sift10m|ram_capped_1p5gb|1610612736|1
diskann,diskann_uint8_pq32,sift10m,ram_capped_1p5gb,1610612736,"{""L"": 10, ""W"": 4}",1,3,70.136,0.0,0.9164,0.0027,1090.3406,3.1744,161389.8,423.1,127352.0,0.0,31.0918,0.0,1.153,0.007,,,3.309,0.065,diskann|diskann_uint8_pq32|sift10m|ram_capped_1p5gb|1610612736|1
diskann,diskann_uint8_pq32,sift10m,ram_capped_1p5gb,1610612736,"{""L"": 20, ""W"": 1}",1,3,85.909,0.0,2.0288,0.0518,492.7242,12.6763,148378.0,197.0,114092.0,0.0,27.8545,0.0,2.37,0.03,,,10.311,37.708,diskann|diskann_uint8_pq32|sift10m|ram_capped_1p5gb|1610612736|1
diskann,diskann_uint8_pq32,sift10m,ram_capped_1p5gb,1610612736,"{""L"": 20, ""W"": 2}",1,3,86.316,0.0,1.3736,0.0088,727.6092,4.689,164093.5,165.5,129763.7,0.0,31.6806,0.0,1.664,0.006,,,5.078,0.759,diskann|diskann_uint8_pq32|sift10m|ram_capped_1p5gb|1610612736|1
diskann,diskann_uint8_pq32,sift10m,ram_capped_1p5gb,1610612736,"{""L"": 20, ""W"": 4}",1,3,87.071,0.0,1.126,0.0055,887.5295,4.3019,196996.3,172.4,162625.9,0.0,39.7036,0.0,1.376,0.016,,,4.05,0.428,diskann|diskann_uint8_pq32|sift10m|ram_capped_1p5gb|1610612736|1
diskann,diskann_uint8_pq32,sift10m,ram_capped_1p5gb,1610612736,"{""L"": 30, ""W"": 1}",1,3,92.131,0.0,2.6957,0.0554,370.8506,7.581,187540.7,187191.7,153295.3,0.0,37.4256,0.0,3.006,0.033,,,11.408,6.193,diskann|diskann_uint8_pq32|sift10m|ram_capped_1p5gb|1610612736|1
diskann,diskann_uint8_pq32,sift10m,ram_capped_1p5gb,1610612736,"{""L"": 30, ""W"": 2}",1,3,92.361,0.0,1.7476,0.0022,571.9613,0.7225,202494.8,302.7,168264.5,0.0,41.0802,0.0,2.02,0.019,,,5.533,0.639,diskann|diskann_uint8_pq32|sift10m|ram_capped_1p5gb|1610612736|1
diskann,diskann_uint8_pq32,sift10m,ram_capped_1p5gb,1610612736,"{""L"": 30, ""W"": 4}",1,3,92.754,0.0,1.3407,0.008,745.4563,4.4106,233519.1,469.8,199524.4,0.0,48.712,0.0,1.602,0.017,,,4.321,0.344,diskann|diskann_uint8_pq32|sift10m|ram_capped_1p5gb|1610612736|1
diskann,diskann_uint8_pq32,sift10m,ram_capped_1p5gb,1610612736,"{""L"": 50, ""W"": 1}",1,3,96.579,0.0,4.0936,0.0096,244.2372,0.5751,267606.0,104.8,233340.1,0.0,56.9678,0.0,4.419,0.057,,,39.287,17.847,diskann|diskann_uint8_pq32|sift10m|ram_capped_1p5gb|1610612736|1
diskann,diskann_uint8_pq32,sift10m,ram_capped_1p5gb,1610612736,"{""L"": 50, ""W"": 2}",1,3,96.663,0.0,2.5223,0.0024,396.3361,0.3823,281674.5,333.0,247509.8,0.0,60.4272,0.0,2.801,0.025,,,6.498,0.855,diskann|diskann_uint8_pq32|sift10m|ram_capped_1p5gb|1610612736|1
diskann,diskann_uint8_pq32,sift10m,ram_capped_1p5gb,1610612736,"{""L"": 50, ""W"": 4}",1,3,96.775,0.0,1.7832,0.0007,560.5421,0.2349,310945.4,193.8,276853.6,0.0,67.5912,0.0,2.028,0.021,,,5.701,0.696,diskann|diskann_uint8_pq32|sift10m|ram_capped_1p5gb|1610612736|1
diskann,diskann_uint8_pq32,sift10m,ram_capped_1p5gb,1610612736,"{""L"": 75, ""W"": 1}",1,3,98.313,0.0,5.8127,0.0429,172.0125,1.2714,368701.0,143.8,334445.8,0.0,81.6518,0.0,6.146,0.061,,,36.009,17.113,diskann|diskann_uint8_pq32|sift10m|ram_capped_1p5gb|1610612736|1
diskann,diskann_uint8_pq32,sift10m,ram_capped_1p5gb,1610612736,"{""L"": 75, ""W"": 2}",1,3,98.336,0.0,3.4898,0.0052,286.481,0.4221,382321.9,263.3,347989.2,0.0,84.9583,0.0,3.801,0.008,,,8.503,0.124,diskann|diskann_uint8_pq32|sift10m|ram_capped_1p5gb|1610612736|1
diskann,diskann_uint8_pq32,sift10m,ram_capped_1p5gb,1610612736,"{""L"": 75, ""W"": 4}",1,3,98.393,0.0,2.3426,0.0069,426.7298,1.2633,410398.3,315.0,376085.7,0.0,91.8178,0.0,2.62,0.018,,,6.548,0.539,diskann|diskann_uint8_pq32|sift10m|ram_capped_1p5gb|1610612736|1
diskann,diskann_uint8_pq32,sift10m,ram_capped_1p5gb,1610612736,"{""L"": 100, ""W"": 1}",1,3,99.044,0.0,7.5405,0.0783,132.6016,1.3693,470332.2,99.9,436082.7,0.0,106.4655,0.0,7.963,0.055,,,55.907,33.277,diskann|diskann_uint8_pq32|sift10m|ram_capped_1p5gb|1610612736|1
diskann,diskann_uint8_pq32,sift10m,ram_capped_1p5gb,1610612736,"{""L"": 100, ""W"": 2}",1,3,99.049,0.0,4.487,0.0205,222.8243,1.0197,483284.6,292.1,449121.1,0.0,109.6487,0.0,4.877,0.069,,,9.809,1.021,diskann|diskann_uint8_pq32|sift10m|ram_capped_1p5gb|1610612736|1
diskann,diskann_uint8_pq32,sift10m,ram_capped_1p5gb,1610612736,"{""L"": 100, ""W"": 4}",1,3,99.08,0.0,2.9206,0.0026,342.2991,0.2994,510486.9,257.2,476332.4,0.0,116.2921,0.0,3.23,0.028,,,7.281,1.614,diskann|diskann_uint8_pq32|sift10m|ram_capped_1p5gb|1610612736|1
diskann,diskann_uint8_pq32,sift10m,ram_capped_1p5gb,1610612736,"{""L"": 150, ""W"": 1}",1,3,99.573,0.0,11.023,0.0286,90.7125,0.2354,674231.5,178.6,639861.1,0.0,156.2161,0.0,11.619,0.045,,,80.874,13.33,diskann|diskann_uint8_pq32|sift10m|ram_capped_1p5gb|1610612736|1
diskann,diskann_uint8_pq32,sift10m,ram_capped_1p5gb,1610612736,"{""L"": 150, ""W"": 2}",1,3,99.581,0.0,6.4384,0.0062,155.2986,0.149,686629.7,326.8,652358.9,0.0,159.2673,0.0,6.947,0.041,,,12.335,0.921,diskann|diskann_uint8_pq32|sift10m|ram_capped_1p5gb|1610612736|1
diskann,diskann_uint8_pq32,sift10m,ram_capped_1p5gb,1610612736,"{""L"": 150, ""W"": 4}",1,3,99.594,0.0,4.0559,0.1044,246.5025,6.2001,712250.6,367.4,678380.3,0.0,165.6202,0.0,4.461,0.109,,,8.766,17.381,diskann|diskann_uint8_pq32|sift10m|ram_capped_1p5gb|1610612736|1
diskann,diskann_uint8_pq32,sift10m,ram_capped_1p5gb,1610612736,"{""L"": 200, ""W"": 1}",1,3,99.752,0.0,14.5252,0.0287,68.8414,0.1357,878231.1,110.6,843962.0,0.0,206.0454,0.0,15.361,0.03,,,87.712,45.973,diskann|diskann_uint8_pq32|sift10m|ram_capped_1p5gb|1610612736|1
diskann,diskann_uint8_pq32,sift10m,ram_capped_1p5gb,1610612736,"{""L"": 200, ""W"": 2}",1,3,99.753,0.0,8.397,0.0141,119.077,0.1989,890424.1,29.5,856061.1,0.0,208.9993,0.0,9.047,0.035,,,15.25,0.701,diskann|diskann_uint8_pq32|sift10m|ram_capped_1p5gb|1610612736|1
diskann,diskann_uint8_pq32,sift10m,ram_capped_1p5gb,1610612736,"{""L"": 200, ""W"": 4}",1,3,99.756,0.0,5.184,0.025,192.8688,0.9294,915679.6,231.1,881309.3,0.0,215.1634,0.0,5.661,0.067,,,11.334,0.922,diskann|diskann_uint8_pq32|sift10m|ram_capped_1p5gb|1610612736|1
diskann,diskann_uint8_pq32,sift10m,ram_capped_1p5gb,1610612736,"{""L"": 300, ""W"": 1}",1,3,99.89,0.0,21.4922,0.0052,46.5263,0.0113,1286939.4,154.4,1252669.4,0.0,305.8275,0.0,22.787,0.099,,,115.24,20.083,diskann|diskann_uint8_pq32|sift10m|ram_capped_1p5gb|1610612736|1
diskann,diskann_uint8_pq32,sift10m,ram_capped_1p5gb,1610612736,"{""L"": 300, ""W"": 2}",1,3,99.889,0.0,12.3277,0.0094,81.1118,0.0621,1298654.0,4.5,1264284.5,0.0,308.6632,0.0,13.208,0.034,,,22.033,0.762,diskann|diskann_uint8_pq32|sift10m|ram_capped_1p5gb|1610612736|1
diskann,diskann_uint8_pq32,sift10m,ram_capped_1p5gb,1610612736,"{""L"": 300, ""W"": 4}",1,3,99.891,0.0,7.4734,0.0137,133.7922,0.2448,1322483.7,492.0,1288393.1,0.0,314.5491,0.0,8.197,0.085,,,14.128,2.175,diskann|diskann_uint8_pq32|sift10m|ram_capped_1p5gb|1610612736|1
diskann,diskann_uint8_pq64,sift10m,ram_capped_1p5gb,1610612736,"{""L"": 10, ""W"": 1}",1,3,79.234,0.0,1.3371,0.0242,747.4711,13.3304,140473.5,116.7,74116.7,0.0,18.0949,0.0,1.693,0.032,,,5.539,0.763,diskann|diskann_uint8_pq64|sift10m|ram_capped_1p5gb|1610612736|1
diskann,diskann_uint8_pq64,sift10m,ram_capped_1p5gb,1610612736,"{""L"": 10, ""W"": 2}",1,3,80.513,0.0,1.0142,0.0091,985.2972,8.85,157032.4,0.0,90664.1,0.0,22.1348,0.0,1.296,0.025,,,3.591,0.233,diskann|diskann_uint8_pq64|sift10m|ram_capped_1p5gb|1610612736|1
diskann,diskann_uint8_pq64,sift10m,ram_capped_1p5gb,1610612736,"{""L"": 10, ""W"": 4}",1,3,82.363,0.0,0.9457,0.0026,1056.6318,2.9375,191729.7,135.6,125403.1,0.0,30.616,0.0,1.186,0.005,,,3.865,0.252,diskann|diskann_uint8_pq64|sift10m|ram_capped_1p5gb|1610612736|1
diskann,diskann_uint8_pq64,sift10m,ram_capped_1p5gb,1610612736,"{""L"": 20, ""W"": 1}",1,3,90.859,0.0,2.0581,0.0527,485.7073,12.6053,179075.1,178622.1,112729.3,0.0,27.5218,0.0,2.367,0.055,,,7.745,1.751,diskann|diskann_uint8_pq64|sift10m|ram_capped_1p5gb|1610612736|1
diskann,diskann_uint8_pq64,sift10m,ram_capped_1p5gb,1610612736,"{""L"": 20, ""W"": 2}",1,3,91.358,0.0,1.391,0.0148,718.502,7.5876,194495.7,180.3,128144.2,0.0,31.2852,0.0,1.675,0.041,,,4.641,0.073,diskann|diskann_uint8_pq64|sift10m|ram_capped_1p5gb|1610612736|1
diskann,diskann_uint8_pq64,sift10m,ram_capped_1p5gb,1610612736,"{""L"": 20, ""W"": 4}",1,3,92.266,0.0,1.157,0.0124,863.7787,9.2951,227094.5,26.2,160723.4,0.0,39.2391,0.0,1.415,0.032,,,4.106,0.709,diskann|diskann_uint8_pq64|sift10m|ram_capped_1p5gb|1610612736|1
diskann,diskann_uint8_pq64,sift10m,ram_capped_1p5gb,1610612736,"{""L"": 30, ""W"": 1}",1,3,94.519,0.0,2.7661,0.0229,361.4171,2.9779,218504.8,105.6,152135.7,0.0,37.1425,0.0,3.1,0.032,,,48.802,20.688,diskann|diskann_uint8_pq64|sift10m|ram_capped_1p5gb|1610612736|1
diskann,diskann_uint8_pq64,sift10m,ram_capped_1p5gb,1610612736,"{""L"": 30, ""W"": 2}",1,3,94.757,0.0,1.7712,0.0286,564.3433,9.0487,233000.1,37.3,166799.0,0.0,40.7224,0.0,2.043,0.059,,,5.086,1.071,diskann|diskann_uint8_pq64|sift10m|ram_capped_1p5gb|1610612736|1
diskann,diskann_uint8_pq64,sift10m,ram_capped_1p5gb,1610612736,"{""L"": 30, ""W"": 4}",1,3,95.198,0.0,1.369,0.0095,730.0434,5.0493,264137.1,160.1,197765.9,0.0,48.2827,0.0,1.615,0.024,,,4.866,0.853,diskann|diskann_uint8_pq64|sift10m|ram_capped_1p5gb|1610612736|1
diskann,diskann_uint8_pq64,sift10m,ram_capped_1p5gb,1610612736,"{""L"": 50, ""W"": 1}",1,3,97.377,0.0,4.1123,0.0628,243.1224,3.7082,298439.1,117.2,232067.5,0.0,56.6571,0.0,4.431,0.044,,,22.23,30.039,diskann|diskann_uint8_pq64|sift10m|ram_capped_1p5gb|1610612736|1
diskann,diskann_uint8_pq64,sift10m,ram_capped_1p5gb,1610612736,"{""L"": 50, ""W"": 2}",1,3,97.445,0.0,2.5569,0.0421,390.9803,6.3566,312359.3,0.4,245988.1,0.0,60.0557,0.0,2.824,0.072,,,7.188,2.963,diskann|diskann_uint8_pq64|sift10m|ram_capped_1p5gb|1610612736|1
diskann,diskann_uint8_pq64,sift10m,ram_capped_1p5gb,1610612736,"{""L"": 50, ""W"": 4}",1,3,97.612,0.0,1.8174,0.0062,549.9894,1.8909,341198.8,153.2,274930.5,0.0,67.1217,0.0,2.076,0.021,,,5.617,0.292,diskann|diskann_uint8_pq64|sift10m|ram_capped_1p5gb|1610612736|1
diskann,diskann_uint8_pq64,sift10m,ram_capped_1p5gb,1610612736,"{""L"": 75, ""W"": 1}",1,3,98.709,0.0,5.8812,0.0194,170.0099,0.5616,399696.3,71.3,333325.5,0.0,81.3783,0.0,6.29,0.087,,,44.634,31.761,diskann|diskann_uint8_pq64|sift10m|ram_capped_1p5gb|1610612736|1
diskann,diskann_uint8_pq64,sift10m,ram_capped_1p5gb,1610612736,"{""L"": 75, ""W"": 2}",1,3,98.716,0.0,3.5405,0.0078,282.3812,0.6247,412965.3,412276.3,346594.1,0.0,84.6177,0.0,3.877,0.011,,,7.767,0.076,diskann|diskann_uint8_pq64|sift10m|ram_capped_1p5gb|1610612736|1
diskann,diskann_uint8_pq64,sift10m,ram_capped_1p5gb,1610612736,"{""L"": 75, ""W"": 4}",1,3,98.79,0.0,2.396,0.0151,417.2248,2.6307,440331.1,326.0,374326.9,0.0,91.3884,0.0,2.7,0.074,,,6.975,0.52,diskann|diskann_uint8_pq64|sift10m|ram_capped_1p5gb|1610612736|1
diskann,diskann_uint8_pq64,sift10m,ram_capped_1p5gb,1610612736,"{""L"": 100, ""W"": 1}",1,3,99.246,0.0,7.6208,0.0257,131.2047,0.4422,501340.2,125.3,434979.2,0.0,106.1961,0.0,8.089,0.036,,,66.157,28.117,diskann|diskann_uint8_pq64|sift10m|ram_capped_1p5gb|1610612736|1
diskann,diskann_uint8_pq64,sift10m,ram_capped_1p5gb,1610612736,"{""L"": 100, ""W"": 2}",1,3,99.257,0.0,4.5404,0.0293,220.2059,1.4233,513944.8,275.3,447804.2,0.0,109.3272,0.0,4.946,0.048,,,10.205,0.745,diskann|diskann_uint8_pq64|sift10m|ram_capped_1p5gb|1610612736|1
diskann,diskann_uint8_pq64,sift10m,ram_capped_1p5gb,1610612736,"{""L"": 100, ""W"": 4}",1,3,99.281,0.0,2.9768,0.0153,335.8372,1.7186,540806.8,345.3,474622.4,0.0,115.8746,0.0,3.334,0.044,,,7.733,0.782,diskann|diskann_uint8_pq64|sift10m|ram_capped_1p5gb|1610612736|1
diskann,diskann_uint8_pq64,sift10m,ram_capped_1p5gb,1610612736,"{""L"": 150, ""W"": 1}",1,3,99.682,0.0,11.1151,0.0271,89.9606,0.2198,705135.8,145.8,638764.2,0.0,155.9483,0.0,11.809,0.085,,,62.205,26.153,diskann|diskann_uint8_pq64|sift10m|ram_capped_1p5gb|1610612736|1
diskann,diskann_uint8_pq64,sift10m,ram_capped_1p5gb,1610612736,"{""L"": 150, ""W"": 2}",1,3,99.687,0.0,6.5347,0.0158,153.0096,0.3706,717451.7,0.8,651080.1,0.0,158.9551,0.0,7.141,0.035,,,12.736,2.422,diskann|diskann_uint8_pq64|sift10m|ram_capped_1p5gb|1610612736|1
diskann,diskann_uint8_pq64,sift10m,ram_capped_1p5gb,1610612736,"{""L"": 150, ""W"": 4}",1,3,99.693,0.0,4.1363,0.0256,241.7136,1.5017,743113.5,54.9,676742.3,0.0,165.2203,0.0,4.565,0.058,,,9.427,1.924,diskann|diskann_uint8_pq64|sift10m|ram_capped_1p5gb|1610612736|1
diskann,diskann_uint8_pq64,sift10m,ram_capped_1p5gb,1610612736,"{""L"": 200, ""W"": 1}",1,3,99.834,0.0,14.6064,0.0684,68.4587,0.3197,909169.9,113.5,842908.9,0.0,205.7883,0.0,15.496,0.061,,,82.842,16.651,diskann|diskann_uint8_pq64|sift10m|ram_capped_1p5gb|1610612736|1
diskann,diskann_uint8_pq64,sift10m,ram_capped_1p5gb,1610612736,"{""L"": 200, ""W"": 2}",1,3,99.838,0.0,8.4886,0.0336,117.7928,0.4646,921248.2,206.9,854899.1,0.0,208.7156,0.0,9.198,0.024,,,15.579,2.641,diskann|diskann_uint8_pq64|sift10m|ram_capped_1p5gb|1610612736|1
diskann,diskann_uint8_pq64,sift10m,ram_capped_1p5gb,1610612736,"{""L"": 200, ""W"": 4}",1,3,99.841,0.0,5.2968,0.0262,188.7636,0.9383,945805.3,945582.5,879770.0,0.0,214.7876,0.0,5.862,0.108,,,12.506,1.511,diskann|diskann_uint8_pq64|sift10m|ram_capped_1p5gb|1610612736|1
diskann,diskann_uint8_pq64,sift10m,ram_capped_1p5gb,1610612736,"{""L"": 300, ""W"": 1}",1,3,99.932,0.0,21.6363,0.0375,46.2165,0.0801,1318001.0,61.5,1251629.5,0.0,305.5736,0.0,22.962,0.232,,,92.093,21.345,diskann|diskann_uint8_pq64|sift10m|ram_capped_1p5gb|1610612736|1
diskann,diskann_uint8_pq64,sift10m,ram_capped_1p5gb,1610612736,"{""L"": 300, ""W"": 2}",1,3,99.933,0.0,12.4723,0.0471,80.1718,0.3036,1329465.3,293.7,1263135.9,0.0,308.3828,0.0,13.433,0.055,,,24.076,0.635,diskann|diskann_uint8_pq64|sift10m|ram_capped_1p5gb|1610612736|1
diskann,diskann_uint8_pq64,sift10m,ram_capped_1p5gb,1610612736,"{""L"": 300, ""W"": 4}",1,3,99.933,0.0,7.5874,0.0259,131.7818,0.4501,1353337.7,0.0,1286966.1,0.0,314.2007,0.0,8.377,0.048,,,15.671,2.273,diskann|diskann_uint8_pq64|sift10m|ram_capped_1p5gb|1610612736|1
tapeann,tape_int8,sift10m,ram_capped_3gb,3221225472,"{""probes"": 10}",1,3,75.678,0.0,0.4959,0.0059,2016.4918,23.922,167307.7,0.4,1834845.4,0.0,10.0,0.0,0.9951,0.0188,1.4257,0.0343,2.6354,0.5152,tapeann|tape_int8|sift10m|ram_capped_3gb|3221225472|1
tapeann,tape_int8,sift10m,ram_capped_3gb,3221225472,"{""probes"": 15}",1,3,81.961,0.0,0.6512,0.0064,1535.6444,15.0142,167336.3,14.4,2728652.4,0.0,15.0,0.0,1.2479,0.0275,1.7769,0.0665,3.4187,0.2764,tapeann|tape_int8|sift10m|ram_capped_3gb|3221225472|1
tapeann,tape_int8,sift10m,ram_capped_3gb,3221225472,"{""probes"": 20}",1,3,85.753,0.0,0.7929,0.0319,1261.1765,50.3141,167336.3,1.7,3614573.4,0.0,20.0,0.0,1.4409,0.0673,2.0399,0.0856,3.878,0.4626,tapeann|tape_int8|sift10m|ram_capped_3gb|3221225472|1
tapeann,tape_int8,sift10m,ram_capped_3gb,3221225472,"{""probes"": 25}",1,3,88.353,0.0,0.947,0.006,1055.9397,6.659,167336.8,171.7,4490868.3,0.0,25.0,0.0,1.7398,0.0305,2.4487,0.0567,3.9814,0.4949,tapeann|tape_int8|sift10m|ram_capped_3gb|3221225472|1
tapeann,tape_int8,sift10m,ram_capped_3gb,3221225472,"{""probes"": 30}",1,3,90.128,0.0,1.1068,0.0179,903.5297,14.4917,167349.5,166966.8,5360564.6,0.0,30.0,0.0,2.0128,0.0425,2.8407,0.0191,4.3197,0.1433,tapeann|tape_int8|sift10m|ram_capped_3gb|3221225472|1
tapeann,tape_int8,sift10m,ram_capped_3gb,3221225472,"{""probes"": 35}",1,3,91.499,0.0,1.2954,0.0183,771.9594,10.946,167333.9,14.3,6224980.4,0.0,35.0,0.0,2.3206,0.0476,3.2709,0.1231,4.7319,0.6032,tapeann|tape_int8|sift10m|ram_capped_3gb|3221225472|1
tapeann,tape_int8,sift10m,ram_capped_3gb,3221225472,"{""probes"": 40}",1,3,92.549,0.0,1.4432,0.0542,692.8965,25.6748,167336.8,0.0,7084514.9,0.0,40.0,0.0,2.528,0.0889,3.581,0.7261,5.1688,3.7817,tapeann|tape_int8|sift10m|ram_capped_3gb|3221225472|1
tapeann,tape_int8,sift10m,ram_capped_3gb,3221225472,"{""probes"": 45}",1,3,93.388,0.0,1.5935,0.0336,627.5363,12.9703,167336.8,0.0,7937375.4,0.0,45.0,0.0,2.8034,0.0922,3.8784,0.0412,5.5065,0.2276,tapeann|tape_int8|sift10m|ram_capped_3gb|3221225472|1
tapeann,tape_int8,sift10m,ram_capped_3gb,3221225472,"{""probes"": 50}",1,3,94.044,0.0,1.7842,0.0122,560.4639,3.8215,167336.8,0.5,8788229.7,0.0,50.0,0.0,3.1246,0.0176,4.294,0.0556,5.9723,0.0931,tapeann|tape_int8|sift10m|ram_capped_3gb|3221225472|1
tapeann,tape_int8,sift10m,ram_capped_3gb,3221225472,"{""probes"": 55}",1,3,94.601,0.0,1.981,0.0183,504.7977,4.6536,167336.8,13.1,9636473.7,0.0,55.0,0.0,3.4362,0.0376,4.7214,0.0582,6.4807,0.1361,tapeann|tape_int8|sift10m|ram_capped_3gb|3221225472|1
tapeann,tape_int8,sift10m,ram_capped_3gb,3221225472,"{""probes"": 60}",1,3,95.09,0.0,2.1724,0.1,460.3112,21.0678,167337.2,0.4,10477979.2,0.0,60.0,0.0,3.7502,0.1927,5.1338,0.1903,7.1249,0.2337,tapeann|tape_int8|sift10m|ram_capped_3gb|3221225472|1
tapeann,tape_int8,sift10m,ram_capped_3gb,3221225472,"{""probes"": 65}",1,3,95.481,0.0,2.3227,0.0314,430.5281,5.8352,167337.2,0.0,11318886.8,0.0,65.0,0.0,3.9701,0.0738,5.4293,0.0417,7.7895,0.5678,tapeann|tape_int8|sift10m|ram_capped_3gb|3221225472|1
tapeann,tape_int8,sift10m,ram_capped_3gb,3221225472,"{""probes"": 70}",1,3,95.858,0.0,2.6887,0.1892,371.9257,27.0764,167337.2,0.8,12156692.1,0.0,70.0,0.0,4.5901,0.3579,6.3572,1.2306,13.9215,12.5271,tapeann|tape_int8|sift10m|ram_capped_3gb|3221225472|1
tapeann,tape_int8,sift10m,ram_capped_3gb,3221225472,"{""probes"": 80}",1,3,96.403,0.0,2.8583,0.0908,349.8598,11.0526,167336.8,0.9,13823243.5,0.0,80.0,0.0,4.8609,0.156,6.5246,0.2157,9.6858,1.4556,tapeann|tape_int8|sift10m|ram_capped_3gb|3221225472|1
tapeann,tape_int8,sift10m,ram_capped_3gb,3221225472,"{""probes"": 90}",1,3,96.835,0.0,3.2576,0.0959,306.9781,9.0144,167233.1,256.0,15486324.3,0.0,90.0,0.0,5.5093,0.3334,7.3687,1.1389,10.3409,10.8395,tapeann|tape_int8|sift10m|ram_capped_3gb|3221225472|1
tapeann,tape_int8,sift10m,ram_capped_3gb,3221225472,"{""probes"": 100}",1,3,97.158,0.0,3.692,0.6841,270.8578,43.4156,167337.2,211.8,17136076.4,0.0,100.0,0.0,6.2189,1.8168,8.0674,2.8062,11.3998,5.4427,tapeann|tape_int8|sift10m|ram_capped_3gb|3221225472|1
tapeann,tape_int8,sift10m,ram_capped_3gb,3221225472,"{""probes"": 150}",1,3,98.029,0.0,5.8635,0.4353,170.548,12.6194,167334.7,12.7,25298538.5,0.0,150.0,0.0,9.4181,1.0129,11.8298,1.8967,17.2354,6.4943,tapeann|tape_int8|sift10m|ram_capped_3gb|3221225472|1
tapeann,tape_int8,sift10m,ram_capped_3gb,3221225472,"{""probes"": 200}",1,3,98.409,0.0,8.2376,0.877,121.3944,14.4005,167337.2,90.6,33347978.9,0.0,200.0,0.0,13.6713,2.2245,17.9686,4.6003,26.0001,10.009,tapeann|tape_int8|sift10m|ram_capped_3gb|3221225472|1
tapeann,tape_int8,sift10m,ram_capped_3gb,3221225472,"{""probes"": 300}",1,3,98.704,0.0,10.9146,0.122,91.62,1.0358,167322.8,14.4,49240021.4,0.0,300.0,0.0,16.5193,0.2259,19.5931,0.2833,25.0396,1.2953,tapeann|tape_int8|sift10m|ram_capped_3gb|3221225472|1
tapeann,tape_int8,sift10m,ram_capped_3gb,3221225472,"{""probes"": 500}",1,3,98.853,0.0,17.8277,0.0292,56.0925,0.0921,167140.1,186.3,80516422.9,0.0,500.0,0.0,26.137,0.1829,29.7886,0.2928,38.7593,3.605,tapeann|tape_int8|sift10m|ram_capped_3gb|3221225472|1
tapeann,tape_int8,sift10m,ram_capped_3gb,3221225472,"{""probes"": 750}",1,3,98.881,0.0,25.9609,0.0954,38.5195,0.1412,167237.2,253.5,119079824.6,0.0,750.0,0.0,36.6986,0.0659,42.1489,1.191,52.1316,5.2025,tapeann|tape_int8|sift10m|ram_capped_3gb|3221225472|1
tapeann,tape_int8,sift10m,ram_capped_3gb,3221225472,"{""probes"": 1000}",1,3,98.889,0.0,33.8585,0.1117,29.5347,0.0973,167336.3,322.4,157302132.7,0.0,1000.0,0.0,47.041,0.1047,52.8518,0.364,64.3039,1.9175,tapeann|tape_int8|sift10m|ram_capped_3gb|3221225472|1
diskann,diskann_fp32_pq64,sift10m,ram_capped_3gb,3221225472,"{""L"": 10, ""W"": 1}",1,3,79.128,0.0,1.4088,0.0265,709.4503,13.2936,140469.0,88.4,73893.1,0.0,18.0403,0.0,1.795,0.011,,,7.377,2.619,diskann|diskann_fp32_pq64|sift10m|ram_capped_3gb|3221225472|1
diskann,diskann_fp32_pq64,sift10m,ram_capped_3gb,3221225472,"{""L"": 10, ""W"": 2}",1,3,80.444,0.0,1.0401,0.2531,960.7612,188.637,157031.2,223.6,90361.4,0.0,22.0609,0.0,1.356,1.864,,,5.068,21.452,diskann|diskann_fp32_pq64|sift10m|ram_capped_3gb|3221225472|1
diskann,diskann_fp32_pq64,sift10m,ram_capped_3gb,3221225472,"{""L"": 10, ""W"": 4}",1,3,82.401,0.0,0.9435,0.0068,1059.0266,7.5453,191825.5,1.2,125155.3,0.0,30.5555,0.0,1.238,0.023,,,4.342,0.255,diskann|diskann_fp32_pq64|sift10m|ram_capped_3gb|3221225472|1
diskann,diskann_fp32_pq64,sift10m,ram_capped_3gb,3221225472,"{""L"": 20, ""W"": 1}",1,3,90.878,0.0,2.1499,0.0099,464.9504,2.1443,179212.7,62.6,112566.3,0.0,27.482,0.0,2.589,0.037,,,33.132,31.501,diskann|diskann_fp32_pq64|sift10m|ram_capped_3gb|3221225472|1
diskann,diskann_fp32_pq64,sift10m,ram_capped_3gb,3221225472,"{""L"": 20, ""W"": 2}",1,3,91.39,0.0,1.4297,0.0414,699.0177,19.8696,194578.4,0.4,127905.4,0.0,31.2269,0.0,1.766,0.083,,,5.794,0.242,diskann|diskann_fp32_pq64|sift10m|ram_capped_3gb|3221225472|1
diskann,diskann_fp32_pq64,sift10m,ram_capped_3gb,3221225472,"{""L"": 20, ""W"": 4}",1,3,92.312,0.0,1.1663,0.0102,856.8245,7.4648,227066.3,163.5,160444.4,0.0,39.171,0.0,1.492,0.027,,,4.96,0.361,diskann|diskann_fp32_pq64|sift10m|ram_capped_3gb|3221225472|1
diskann,diskann_fp32_pq64,sift10m,ram_capped_3gb,3221225472,"{""L"": 30, ""W"": 1}",1,3,94.566,0.0,2.8743,0.0266,347.8085,3.1974,218518.3,233.1,151937.0,0.0,37.094,0.0,3.356,0.049,,,69.545,32.22,diskann|diskann_fp32_pq64|sift10m|ram_capped_3gb|3221225472|1
diskann,diskann_fp32_pq64,sift10m,ram_capped_3gb,3221225472,"{""L"": 30, ""W"": 2}",1,3,94.781,0.0,1.8353,0.0202,544.6152,5.9883,233239.8,90.6,166566.7,0.0,40.6657,0.0,2.204,0.111,,,7.265,1.463,diskann|diskann_fp32_pq64|sift10m|ram_capped_3gb|3221225472|1
diskann,diskann_fp32_pq64,sift10m,ram_capped_3gb,3221225472,"{""L"": 30, ""W"": 4}",1,3,95.183,0.0,1.394,0.0126,716.9092,6.4901,263715.2,437.9,197390.7,0.0,48.1911,0.0,1.738,0.019,,,5.716,0.344,diskann|diskann_fp32_pq64|sift10m|ram_capped_3gb|3221225472|1
diskann,diskann_fp32_pq64,sift10m,ram_capped_3gb,3221225472,"{""L"": 50, ""W"": 1}",1,3,97.409,0.0,4.3897,0.0469,227.7542,2.4588,298458.3,1.7,231785.3,0.0,56.5882,0.0,5.052,0.227,,,83.516,11.405,diskann|diskann_fp32_pq64|sift10m|ram_capped_3gb|3221225472|1
diskann,diskann_fp32_pq64,sift10m,ram_capped_3gb,3221225472,"{""L"": 50, ""W"": 2}",1,3,97.467,0.0,2.6682,0.1696,374.6448,22.6909,312250.0,186.0,245695.3,0.0,59.9842,0.0,3.193,0.301,,,9.703,9.794,diskann|diskann_fp32_pq64|sift10m|ram_capped_3gb|3221225472|1
diskann,diskann_fp32_pq64,sift10m,ram_capped_3gb,3221225472,"{""L"": 50, ""W"": 4}",1,3,97.624,0.0,2.5923,1.0067,385.6302,153.4041,341174.7,421.9,274655.6,0.0,67.0546,0.0,7.607,6.216,,,109.709,116.566,diskann|diskann_fp32_pq64|sift10m|ram_capped_3gb|3221225472|1
diskann,diskann_fp32_pq64,sift10m,ram_capped_3gb,3221225472,"{""L"": 75, ""W"": 1}",1,3,98.723,0.0,6.3391,0.2573,157.7267,6.2378,399706.1,308.8,333033.1,0.0,81.3069,0.0,7.324,0.559,,,112.466,27.511,diskann|diskann_fp32_pq64|sift10m|ram_capped_3gb|3221225472|1
diskann,diskann_fp32_pq64,sift10m,ram_capped_3gb,3221225472,"{""L"": 75, ""W"": 2}",1,3,98.739,0.0,3.7255,0.2606,268.3545,17.893,412991.9,412294.8,346318.8,0.0,84.5505,0.0,4.374,0.225,,,13.036,23.773,diskann|diskann_fp32_pq64|sift10m|ram_capped_3gb|3221225472|1
diskann,diskann_fp32_pq64,sift10m,ram_capped_3gb,3221225472,"{""L"": 75, ""W"": 4}",1,3,98.801,0.0,2.4885,0.593,401.6961,78.1807,440693.6,107.4,374020.5,0.0,91.3136,0.0,3.018,1.512,,,9.281,73.201,diskann|diskann_fp32_pq64|sift10m|ram_capped_3gb|3221225472|1
diskann,diskann_fp32_pq64,sift10m,ram_capped_3gb,3221225472,"{""L"": 100, ""W"": 1}",1,3,99.26,0.0,8.1943,0.7233,122.0195,9.9146,501307.4,169.6,434739.6,0.0,106.1376,0.0,9.765,2.049,,,108.264,26.816,diskann|diskann_fp32_pq64|sift10m|ram_capped_3gb|3221225472|1
diskann,diskann_fp32_pq64,sift10m,ram_capped_3gb,3221225472,"{""L"": 100, ""W"": 2}",1,3,99.278,0.0,5.0287,0.1118,198.8187,4.4691,514039.4,200.7,447564.6,0.0,109.2687,0.0,5.839,0.118,,,36.873,23.641,diskann|diskann_fp32_pq64|sift10m|ram_capped_3gb|3221225472|1
diskann,diskann_fp32_pq64,sift10m,ram_capped_3gb,3221225472,"{""L"": 100, ""W"": 4}",1,3,99.301,0.0,3.0932,0.018,323.1939,1.8772,541018.9,347.4,474356.1,0.0,115.8096,0.0,3.719,0.044,,,10.135,0.589,diskann|diskann_fp32_pq64|sift10m|ram_capped_3gb|3221225472|1
diskann,diskann_fp32_pq64,sift10m,ram_capped_3gb,3221225472,"{""L"": 150, ""W"": 1}",1,3,99.682,0.0,12.2459,0.4675,81.6523,3.1349,705157.9,281.4,638560.7,0.0,155.8986,0.0,15.167,0.456,,,135.821,17.522,diskann|diskann_fp32_pq64|sift10m|ram_capped_3gb|3221225472|1
diskann,diskann_fp32_pq64,sift10m,ram_capped_3gb,3221225472,"{""L"": 150, ""W"": 2}",1,3,99.688,0.0,7.5466,0.4519,132.4917,8.3738,717303.8,370.7,650841.3,0.0,158.8968,0.0,9.415,1.097,,,131.115,87.209,diskann|diskann_fp32_pq64|sift10m|ram_capped_3gb|3221225472|1
diskann,diskann_fp32_pq64,sift10m,ram_capped_3gb,3221225472,"{""L"": 150, ""W"": 4}",1,3,99.692,0.0,4.5945,0.2909,217.6039,14.6347,742941.9,491.9,676480.6,0.0,165.1564,0.0,5.215,0.209,,,36.347,58.74,diskann|diskann_fp32_pq64|sift10m|ram_capped_3gb|3221225472|1
diskann,diskann_fp32_pq64,sift10m,ram_capped_3gb,3221225472,"{""L"": 200, ""W"": 1}",1,3,99.827,0.0,16.0044,1.0109,62.478,3.8297,909366.5,29.9,842708.6,0.0,205.7394,0.0,19.176,0.877,,,152.495,58.194,diskann|diskann_fp32_pq64|sift10m|ram_capped_3gb|3221225472|1
diskann,diskann_fp32_pq64,sift10m,ram_capped_3gb,3221225472,"{""L"": 200, ""W"": 2}",1,3,99.829,0.0,9.1813,0.645,108.904,7.5081,921172.4,47.5,854631.2,0.0,208.6502,0.0,11.589,0.876,,,55.15,132.139,diskann|diskann_fp32_pq64|sift10m|ram_capped_3gb|3221225472|1
diskann,diskann_fp32_pq64,sift10m,ram_capped_3gb,3221225472,"{""L"": 200, ""W"": 4}",1,3,99.833,0.0,5.4965,0.3093,181.9028,9.6894,945928.2,310.1,879498.4,0.0,214.7213,0.0,6.546,0.287,,,16.778,37.903,diskann|diskann_fp32_pq64|sift10m|ram_capped_3gb|3221225472|1
diskann,diskann_fp32_pq64,sift10m,ram_capped_3gb,3221225472,"{""L"": 300, ""W"": 1}",1,3,99.925,0.0,24.0554,0.809,41.5681,1.3775,1318167.3,80.3,1251497.2,0.0,305.5413,0.0,28.39,1.845,,,162.584,8.249,diskann|diskann_fp32_pq64|sift10m|ram_capped_3gb|3221225472|1
diskann,diskann_fp32_pq64,sift10m,ram_capped_3gb,3221225472,"{""L"": 300, ""W"": 2}",1,3,99.925,0.0,12.9869,0.5921,76.994,3.3672,1329486.6,288.4,1262893.9,0.0,308.3237,0.0,16.296,0.386,,,31.537,112.161,diskann|diskann_fp32_pq64|sift10m|ram_capped_3gb|3221225472|1
diskann,diskann_fp32_pq64,sift10m,ram_capped_3gb,3221225472,"{""L"": 300, ""W"": 4}",1,3,99.926,0.0,7.9019,0.4022,126.5341,6.1326,1353010.4,341.2,1286679.8,0.0,314.1308,0.0,9.645,0.553,,,22.588,58.476,diskann|diskann_fp32_pq64|sift10m|ram_capped_3gb|3221225472|1
diskann,diskann_uint8_pq32,sift10m,ram_capped_3gb,3221225472,"{""L"": 10, ""W"": 1}",1,3,68.038,0.0,1.4011,0.0281,713.3265,14.1276,109720.4,211.0,75481.1,0.0,18.428,0.0,1.842,0.053,,,6.916,3.119,diskann|diskann_uint8_pq32|sift10m|ram_capped_3gb|3221225472|1
diskann,diskann_uint8_pq32,sift10m,ram_capped_3gb,3221225472,"{""L"": 10, ""W"": 2}",1,3,68.748,0.0,1.049,0.009,952.5462,8.3063,126499.2,285.9,92167.4,0.0,22.5018,0.0,1.383,0.035,,,5.22,0.37,diskann|diskann_uint8_pq32|sift10m|ram_capped_3gb|3221225472|1
diskann,diskann_uint8_pq32,sift10m,ram_capped_3gb,3221225472,"{""L"": 10, ""W"": 4}",1,3,70.136,0.0,0.9581,0.0028,1042.8444,3.0161,161559.3,131.5,127352.0,0.0,31.0918,0.0,1.225,0.017,,,4.498,0.355,diskann|diskann_uint8_pq32|sift10m|ram_capped_3gb|3221225472|1
diskann,diskann_uint8_pq32,sift10m,ram_capped_3gb,3221225472,"{""L"": 20, ""W"": 1}",1,3,85.909,0.0,2.1324,0.0143,468.7725,3.1457,148320.7,107.3,114092.0,0.0,27.8545,0.0,2.564,0.171,,,41.473,31.013,diskann|diskann_uint8_pq32|sift10m|ram_capped_3gb|3221225472|1
diskann,diskann_uint8_pq32,sift10m,ram_capped_3gb,3221225472,"{""L"": 20, ""W"": 2}",1,3,86.316,0.0,1.438,0.0097,694.9953,4.7164,164084.1,120.9,129763.7,0.0,31.6806,0.0,1.807,0.012,,,6.344,0.488,diskann|diskann_uint8_pq32|sift10m|ram_capped_3gb|3221225472|1
diskann,diskann_uint8_pq32,sift10m,ram_capped_3gb,3221225472,"{""L"": 20, ""W"": 4}",1,3,87.071,0.0,1.178,0.0037,848.3549,2.6765,196961.1,13.5,162625.9,0.0,39.7036,0.0,1.482,0.003,,,5.045,0.172,diskann|diskann_uint8_pq32|sift10m|ram_capped_3gb|3221225472|1
diskann,diskann_uint8_pq32,sift10m,ram_capped_3gb,3221225472,"{""L"": 30, ""W"": 1}",1,3,92.131,0.0,2.8932,0.3005,345.5265,32.977,187449.3,99.2,153295.3,0.0,37.4256,0.0,3.361,1.232,,,81.609,18.039,diskann|diskann_uint8_pq32|sift10m|ram_capped_3gb|3221225472|1
diskann,diskann_uint8_pq32,sift10m,ram_capped_3gb,3221225472,"{""L"": 30, ""W"": 2}",1,3,92.361,0.0,1.8556,0.0404,538.658,11.9661,202283.0,67.2,168264.5,0.0,41.0802,0.0,2.25,0.081,,,6.819,1.438,diskann|diskann_uint8_pq32|sift10m|ram_capped_3gb|3221225472|1
diskann,diskann_uint8_pq32,sift10m,ram_capped_3gb,3221225472,"{""L"": 30, ""W"": 4}",1,3,92.754,0.0,1.4231,0.0046,702.2916,2.2936,233846.0,496.0,199524.4,0.0,48.712,0.0,1.765,0.017,,,5.568,0.614,diskann|diskann_uint8_pq32|sift10m|ram_capped_3gb|3221225472|1
diskann,diskann_uint8_pq32,sift10m,ram_capped_3gb,3221225472,"{""L"": 50, ""W"": 1}",1,3,96.579,0.0,4.4308,0.0763,225.6377,3.8394,267526.6,387.0,233340.1,0.0,56.9678,0.0,5.118,0.101,,,99.368,15.786,diskann|diskann_uint8_pq32|sift10m|ram_capped_3gb|3221225472|1
diskann,diskann_uint8_pq32,sift10m,ram_capped_3gb,3221225472,"{""L"": 50, ""W"": 2}",1,3,96.663,0.0,2.69,0.3226,371.622,40.0656,281611.1,304.4,247509.8,0.0,60.4272,0.0,3.242,0.66,,,10.505,50.381,diskann|diskann_uint8_pq32|sift10m|ram_capped_3gb|3221225472|1
diskann,diskann_uint8_pq32,sift10m,ram_capped_3gb,3221225472,"{""L"": 50, ""W"": 4}",1,3,96.775,0.0,1.894,0.2908,527.7114,71.0258,311010.5,229.8,276853.6,0.0,67.5912,0.0,2.302,0.121,,,7.205,42.316,diskann|diskann_uint8_pq32|sift10m|ram_capped_3gb|3221225472|1
diskann,diskann_uint8_pq32,sift10m,ram_capped_3gb,3221225472,"{""L"": 75, ""W"": 1}",1,3,98.313,0.0,6.2514,0.2631,159.935,6.5397,368575.7,342.4,334445.8,0.0,81.6518,0.0,7.321,0.636,,,96.726,39.501,diskann|diskann_uint8_pq32|sift10m|ram_capped_3gb|3221225472|1
diskann,diskann_uint8_pq32,sift10m,ram_capped_3gb,3221225472,"{""L"": 75, ""W"": 2}",1,3,98.336,0.0,3.7504,0.3234,266.5688,21.5474,382181.8,220.7,347989.2,0.0,84.9583,0.0,4.467,0.684,,,15.447,18.778,diskann|diskann_uint8_pq32|sift10m|ram_capped_3gb|3221225472|1
diskann,diskann_uint8_pq32,sift10m,ram_capped_3gb,3221225472,"{""L"": 75, ""W"": 4}",1,3,98.393,0.0,2.4871,0.333,401.9146,48.2103,409973.1,763.0,376085.7,0.0,91.8178,0.0,2.978,0.287,,,9.026,73.873,diskann|diskann_uint8_pq32|sift10m|ram_capped_3gb|3221225472|1
diskann,diskann_uint8_pq32,sift10m,ram_capped_3gb,3221225472,"{""L"": 100, ""W"": 1}",1,3,99.044,0.0,8.4334,0.3185,118.5616,4.5658,470345.7,110.6,436082.7,0.0,106.4655,0.0,8.79,0.586,,,124.484,19.686,diskann|diskann_uint8_pq32|sift10m|ram_capped_3gb|3221225472|1
diskann,diskann_uint8_pq32,sift10m,ram_capped_3gb,3221225472,"{""L"": 100, ""W"": 2}",1,3,99.049,0.0,4.8702,0.269,205.2888,11.7905,483097.4,486.2,449121.1,0.0,109.6487,0.0,5.29,0.245,,,32.09,21.08,diskann|diskann_uint8_pq32|sift10m|ram_capped_3gb|3221225472|1
diskann,diskann_uint8_pq32,sift10m,ram_capped_3gb,3221225472,"{""L"": 100, ""W"": 4}",1,3,99.08,0.0,3.0004,0.0133,333.1925,1.5043,510549.6,292.5,476332.4,0.0,116.2921,0.0,3.413,0.05,,,7.251,2.046,diskann|diskann_uint8_pq32|sift10m|ram_capped_3gb|3221225472|1
diskann,diskann_uint8_pq32,sift10m,ram_capped_3gb,3221225472,"{""L"": 150, ""W"": 1}",1,3,99.573,0.0,12.1107,1.6859,82.5627,11.7239,674099.2,128.6,639861.1,0.0,156.2161,0.0,13.529,2.324,,,120.451,54.796,diskann|diskann_uint8_pq32|sift10m|ram_capped_3gb|3221225472|1
diskann,diskann_uint8_pq32,sift10m,ram_capped_3gb,3221225472,"{""L"": 150, ""W"": 2}",1,3,99.581,0.0,6.4761,0.0195,154.3926,0.4648,686637.9,236.3,652358.9,0.0,159.2673,0.0,7.041,0.025,,,12.899,1.23,diskann|diskann_uint8_pq32|sift10m|ram_capped_3gb|3221225472|1
diskann,diskann_uint8_pq32,sift10m,ram_capped_3gb,3221225472,"{""L"": 150, ""W"": 4}",1,3,99.594,0.0,4.0879,0.3781,244.5717,21.1538,712563.9,210.1,678380.3,0.0,165.6202,0.0,4.559,0.172,,,10.826,31.459,diskann|diskann_uint8_pq32|sift10m|ram_capped_3gb|3221225472|1
diskann,diskann_uint8_pq32,sift10m,ram_capped_3gb,3221225472,"{""L"": 200, ""W"": 1}",1,3,99.752,0.0,14.5365,0.0956,68.7879,0.4546,1756035.9,877879.3,843962.0,0.0,206.0454,0.0,15.282,0.074,,,78.123,57.903,diskann|diskann_uint8_pq32|sift10m|ram_capped_3gb|3221225472|1
diskann,diskann_uint8_pq32,sift10m,ram_capped_3gb,3221225472,"{""L"": 200, ""W"": 2}",1,3,99.753,0.0,8.403,0.0196,118.9934,0.2769,890305.7,272.8,856061.1,0.0,208.9993,0.0,9.004,0.058,,,15.956,3.96,diskann|diskann_uint8_pq32|sift10m|ram_capped_3gb|3221225472|1
diskann,diskann_uint8_pq32,sift10m,ram_capped_3gb,3221225472,"{""L"": 200, ""W"": 4}",1,3,99.756,0.0,5.1881,0.004,192.7177,0.1484,915222.9,546.4,881309.3,0.0,215.1634,0.0,5.678,0.041,,,11.068,3.045,diskann|diskann_uint8_pq32|sift10m|ram_capped_3gb|3221225472|1
diskann,diskann_uint8_pq32,sift10m,ram_capped_3gb,3221225472,"{""L"": 300, ""W"": 1}",1,3,99.89,0.0,21.541,0.259,46.421,0.5541,1287040.2,2.5,1252669.4,0.0,305.8275,0.0,22.788,0.185,,,93.691,16.086,diskann|diskann_uint8_pq32|sift10m|ram_capped_3gb|3221225472|1
diskann,diskann_uint8_pq32,sift10m,ram_capped_3gb,3221225472,"{""L"": 300, ""W"": 2}",1,3,99.889,0.0,12.3484,0.0212,80.9761,0.1395,1298647.4,230.2,1264284.5,0.0,308.6632,0.0,13.237,0.029,,,23.927,1.569,diskann|diskann_uint8_pq32|sift10m|ram_capped_3gb|3221225472|1
diskann,diskann_uint8_pq32,sift10m,ram_capped_3gb,3221225472,"{""L"": 300, ""W"": 4}",1,3,99.891,0.0,7.4728,0.0088,133.8035,0.1578,1322472.7,401.8,1288393.1,0.0,314.5491,0.0,8.159,0.034,,,15.094,2.39,diskann|diskann_uint8_pq32|sift10m|ram_capped_3gb|3221225472|1
diskann,diskann_uint8_pq64,sift10m,ram_capped_3gb,3221225472,"{""L"": 10, ""W"": 1}",1,3,79.234,0.0,1.3587,0.0556,735.595,29.399,140487.9,15.6,74116.7,0.0,18.0949,0.0,1.697,0.053,,,19.031,21.525,diskann|diskann_uint8_pq64|sift10m|ram_capped_3gb|3221225472|1
diskann,diskann_uint8_pq64,sift10m,ram_capped_3gb,3221225472,"{""L"": 10, ""W"": 2}",1,3,80.513,0.0,1.0143,0.0018,985.2006,1.7126,157032.9,86.5,90664.1,0.0,22.1348,0.0,1.294,0.011,,,3.684,0.303,diskann|diskann_uint8_pq64|sift10m|ram_capped_3gb|3221225472|1
diskann,diskann_uint8_pq64,sift10m,ram_capped_3gb,3221225472,"{""L"": 10, ""W"": 4}",1,3,82.363,0.0,0.9465,0.0114,1055.678,12.7792,191771.9,228.2,125403.1,0.0,30.616,0.0,1.195,0.03,,,3.563,0.179,diskann|diskann_uint8_pq64|sift10m|ram_capped_3gb|3221225472|1
diskann,diskann_uint8_pq64,sift10m,ram_capped_3gb,3221225472,"{""L"": 20, ""W"": 1}",1,3,90.859,0.0,2.041,0.0443,489.7676,10.5783,178976.8,40.5,112729.3,0.0,27.5218,0.0,2.37,0.033,,,6.306,47.615,diskann|diskann_uint8_pq64|sift10m|ram_capped_3gb|3221225472|1
diskann,diskann_uint8_pq64,sift10m,ram_capped_3gb,3221225472,"{""L"": 20, ""W"": 2}",1,3,91.358,0.0,1.3942,0.0032,716.9046,1.6617,194515.8,254.4,128144.2,0.0,31.2852,0.0,1.668,0.009,,,4.536,0.355,diskann|diskann_uint8_pq64|sift10m|ram_capped_3gb|3221225472|1
diskann,diskann_uint8_pq64,sift10m,ram_capped_3gb,3221225472,"{""L"": 20, ""W"": 4}",1,3,92.266,0.0,1.1483,0.0044,870.296,3.3192,226952.4,206.5,160723.4,0.0,39.2391,0.0,1.399,0.015,,,4.02,0.29,diskann|diskann_uint8_pq64|sift10m|ram_capped_3gb|3221225472|1
diskann,diskann_uint8_pq64,sift10m,ram_capped_3gb,3221225472,"{""L"": 30, ""W"": 1}",1,3,94.519,0.0,2.7247,0.0071,366.9091,0.95,218461.8,120.4,152135.7,0.0,37.1425,0.0,3.052,0.038,,,11.304,5.736,diskann|diskann_uint8_pq64|sift10m|ram_capped_3gb|3221225472|1
diskann,diskann_uint8_pq64,sift10m,ram_capped_3gb,3221225472,"{""L"": 30, ""W"": 2}",1,3,94.757,0.0,1.7706,0.0188,564.5518,5.9425,233110.3,223.6,166799.0,0.0,40.7224,0.0,2.03,0.045,,,5.714,0.928,diskann|diskann_uint8_pq64|sift10m|ram_capped_3gb|3221225472|1
diskann,diskann_uint8_pq64,sift10m,ram_capped_3gb,3221225472,"{""L"": 30, ""W"": 4}",1,6,95.198,0.0,1.3716,0.0075,728.6594,3.9966,263994.95,189.2,197765.9,0.0,48.2827,0.0,1.6265,0.015,,,4.466,0.368,diskann|diskann_uint8_pq64|sift10m|ram_capped_3gb|3221225472|1
diskann,diskann_uint8_pq64,sift10m,ram_capped_3gb,3221225472,"{""L"": 50, ""W"": 1}",1,3,97.377,0.0,4.1171,0.2264,242.8439,12.7233,298380.9,116.8,232067.5,0.0,56.6571,0.0,4.43,0.317,,,29.551,24.985,diskann|diskann_uint8_pq64|sift10m|ram_capped_3gb|3221225472|1
diskann,diskann_uint8_pq64,sift10m,ram_capped_3gb,3221225472,"{""L"": 50, ""W"": 2}",1,3,97.445,0.0,2.5702,0.0182,388.963,2.7711,312281.9,220.7,245988.1,0.0,60.0557,0.0,2.839,0.038,,,6.708,0.683,diskann|diskann_uint8_pq64|sift10m|ram_capped_3gb|3221225472|1
diskann,diskann_uint8_pq64,sift10m,ram_capped_3gb,3221225472,"{""L"": 50, ""W"": 4}",1,3,97.612,0.0,1.8107,0.0128,552.0452,3.8973,341303.7,60.6,274930.5,0.0,67.1217,0.0,2.059,0.064,,,5.688,0.181,diskann|diskann_uint8_pq64|sift10m|ram_capped_3gb|3221225472|1
diskann,diskann_uint8_pq64,sift10m,ram_capped_3gb,3221225472,"{""L"": 75, ""W"": 1}",1,3,98.709,0.0,5.869,0.0155,170.3643,0.4505,399618.5,102.8,333325.5,0.0,81.3783,0.0,6.239,0.057,,,58.351,33.159,diskann|diskann_uint8_pq64|sift10m|ram_capped_3gb|3221225472|1
diskann,diskann_uint8_pq64,sift10m,ram_capped_3gb,3221225472,"{""L"": 75, ""W"": 2}",1,3,98.716,0.0,3.5313,0.0407,283.1201,3.239,412856.3,183.5,346594.1,0.0,84.6177,0.0,3.867,0.098,,,8.539,1.009,diskann|diskann_uint8_pq64|sift10m|ram_capped_3gb|3221225472|1
diskann,diskann_uint8_pq64,sift10m,ram_capped_3gb,3221225472,"{""L"": 75, ""W"": 4}",1,3,98.79,0.0,2.3852,0.0039,419.1134,0.6889,440548.1,206.5,374326.9,0.0,91.3884,0.0,2.673,0.017,,,6.299,0.101,diskann|diskann_uint8_pq64|sift10m|ram_capped_3gb|3221225472|1
diskann,diskann_uint8_pq64,sift10m,ram_capped_3gb,3221225472,"{""L"": 100, ""W"": 1}",1,3,99.246,0.0,7.6,0.0251,131.5647,0.4335,501351.2,2.9,434979.2,0.0,106.1961,0.0,8.086,0.041,,,42.122,30.197,diskann|diskann_uint8_pq64|sift10m|ram_capped_3gb|3221225472|1
diskann,diskann_uint8_pq64,sift10m,ram_capped_3gb,3221225472,"{""L"": 100, ""W"": 2}",1,3,99.257,0.0,4.547,0.0036,219.8845,0.1759,513992.7,205.2,447804.2,0.0,109.3272,0.0,4.996,0.046,,,9.539,1.811,diskann|diskann_uint8_pq64|sift10m|ram_capped_3gb|3221225472|1
diskann,diskann_uint8_pq64,sift10m,ram_capped_3gb,3221225472,"{""L"": 100, ""W"": 4}",1,3,99.281,0.0,2.9697,0.0162,336.6363,1.8401,540847.7,174.0,474622.4,0.0,115.8746,0.0,3.294,0.023,,,7.09,1.887,diskann|diskann_uint8_pq64|sift10m|ram_capped_3gb|3221225472|1
diskann,diskann_uint8_pq64,sift10m,ram_capped_3gb,3221225472,"{""L"": 150, ""W"": 1}",1,3,99.682,0.0,11.1506,0.0442,89.6739,0.3561,705033.4,135.6,638764.2,0.0,155.9483,0.0,11.752,0.098,,,86.228,19.772,diskann|diskann_uint8_pq64|sift10m|ram_capped_3gb|3221225472|1
diskann,diskann_uint8_pq64,sift10m,ram_capped_3gb,3221225472,"{""L"": 150, ""W"": 2}",1,3,99.687,0.0,6.531,0.0136,153.0954,0.318,717227.2,183.5,651080.1,0.0,158.9551,0.0,7.126,0.024,,,12.967,0.732,diskann|diskann_uint8_pq64|sift10m|ram_capped_3gb|3221225472|1
diskann,diskann_uint8_pq64,sift10m,ram_capped_3gb,3221225472,"{""L"": 150, ""W"": 4}",1,3,99.693,0.0,4.121,0.0405,242.6105,2.369,743058.6,358.0,676742.3,0.0,165.2203,0.0,4.574,0.086,,,10.544,2.178,diskann|diskann_uint8_pq64|sift10m|ram_capped_3gb|3221225472|1
diskann,diskann_uint8_pq64,sift10m,ram_capped_3gb,3221225472,"{""L"": 200, ""W"": 1}",1,3,99.834,0.0,14.6934,0.1665,68.0536,0.765,909230.1,93.4,842908.9,0.0,205.7883,0.0,15.502,0.111,,,87.242,26.579,diskann|diskann_uint8_pq64|sift10m|ram_capped_3gb|3221225472|1
diskann,diskann_uint8_pq64,sift10m,ram_capped_3gb,3221225472,"{""L"": 200, ""W"": 2}",1,3,99.838,0.0,8.4898,0.037,117.7767,0.5108,921180.6,140.1,854899.1,0.0,208.7156,0.0,9.177,0.07,,,15.401,1.935,diskann|diskann_uint8_pq64|sift10m|ram_capped_3gb|3221225472|1
diskann,diskann_uint8_pq64,sift10m,ram_capped_3gb,3221225472,"{""L"": 200, ""W"": 4}",1,3,99.841,0.0,5.2899,0.0155,189.0087,0.5546,945739.0,478.4,879770.0,0.0,214.7876,0.0,5.881,0.056,,,10.874,0.857,diskann|diskann_uint8_pq64|sift10m|ram_capped_3gb|3221225472|1
diskann,diskann_uint8_pq64,sift10m,ram_capped_3gb,3221225472,"{""L"": 300, ""W"": 1}",1,3,99.932,0.0,21.6497,0.0637,46.1881,0.1361,1317968.3,45.9,1251629.5,0.0,305.5736,0.0,23.017,0.167,,,102.524,13.981,diskann|diskann_uint8_pq64|sift10m|ram_capped_3gb|3221225472|1
diskann,diskann_uint8_pq64,sift10m,ram_capped_3gb,3221225472,"{""L"": 300, ""W"": 2}",1,3,99.933,0.0,12.4405,0.3469,80.3764,2.1864,1329434.2,263.7,1263135.9,0.0,308.3828,0.0,13.404,0.145,,,20.79,54.748,diskann|diskann_uint8_pq64|sift10m|ram_capped_3gb|3221225472|1
diskann,diskann_uint8_pq64,sift10m,ram_capped_3gb,3221225472,"{""L"": 300, ""W"": 4}",1,3,99.933,0.0,7.6033,0.0241,131.5074,0.4165,1353003.4,348.1,1286966.1,0.0,314.2007,0.0,8.364,0.023,,,13.932,1.418,diskann|diskann_uint8_pq64|sift10m|ram_capped_3gb|3221225472|1
diskann,diskann_fp32_pq64,sift10m,warm,,"{""L"": 30, ""W"": 4}",2,3,95.183,0.0,1.0543,0.0061,1833.3319,10.0518,223449.9,64809.0,197390.7,0.0,48.1911,0.0,1.306,0.013,,,3.025,0.61,diskann|diskann_fp32_pq64|sift10m|warm||2
diskann,diskann_fp32_pq64,sift10m,warm,,"{""L"": 30, ""W"": 4}",4,3,95.183,0.0,1.1337,0.0189,3388.8105,184.6118,223390.9,122.5,197390.7,0.0,48.1911,0.0,1.416,0.052,,,3.286,1.556,diskann|diskann_fp32_pq64|sift10m|warm||4
diskann,diskann_fp32_pq64,sift10m,warm,,"{""L"": 30, ""W"": 4}",8,3,95.183,0.0,1.344,0.0336,5946.6069,146.1235,223449.9,1251.7,197390.7,0.0,48.1911,0.0,1.768,0.078,,,4.15,1.687,diskann|diskann_fp32_pq64|sift10m|warm||8
diskann,diskann_fp32_pq64,sift10m,warm,,"{""L"": 30, ""W"": 4}",16,3,95.183,0.0,1.8643,0.0444,8570.2725,209.4824,223449.9,0.4,197390.7,0.0,48.1911,0.0,2.784,0.074,,,4.283,1.48,diskann|diskann_fp32_pq64|sift10m|warm||16
diskann,diskann_fp32_pq64,sift10m,ram_capped_1p5gb,1610612736,"{""L"": 30, ""W"": 4}",2,3,95.183,0.0,1.393,0.0182,1399.4684,29.3274,263743.9,271.1,197390.7,0.0,48.1911,0.0,1.667,0.038,,,5.351,1.693,diskann|diskann_fp32_pq64|sift10m|ram_capped_1p5gb|1610612736|2
diskann,diskann_fp32_pq64,sift10m,ram_capped_1p5gb,1610612736,"{""L"": 30, ""W"": 4}",4,3,95.183,0.0,1.5235,0.0035,2547.4102,7.3403,264014.2,147.1,197390.7,0.0,48.1911,0.0,1.867,0.015,,,5.195,1.042,diskann|diskann_fp32_pq64|sift10m|ram_capped_1p5gb|1610612736|4
diskann,diskann_fp32_pq64,sift10m,ram_capped_1p5gb,1610612736,"{""L"": 30, ""W"": 4}",8,3,95.183,0.0,1.8432,0.0585,4233.6094,142.9541,263804.5,304.3,197390.7,0.0,48.1911,0.0,2.395,0.176,,,5.403,0.981,diskann|diskann_fp32_pq64|sift10m|ram_capped_1p5gb|1610612736|8
diskann,diskann_fp32_pq64,sift10m,ram_capped_1p5gb,1610612736,"{""L"": 30, ""W"": 4}",16,3,95.183,0.0,2.6058,0.1236,6032.042,371.0229,263730.8,3300.5,197390.7,0.0,48.1911,0.0,3.622,0.306,,,7.056,2.675,diskann|diskann_fp32_pq64|sift10m|ram_capped_1p5gb|1610612736|16
diskann,diskann_fp32_pq64,sift10m,ram_capped_3gb,3221225472,"{""L"": 30, ""W"": 4}",2,3,95.183,0.0,1.3842,0.0148,1406.6,18.2273,264101.5,307.6,197390.7,0.0,48.1911,0.0,1.652,0.056,,,4.782,1.023,diskann|diskann_fp32_pq64|sift10m|ram_capped_3gb|3221225472|2
diskann,diskann_fp32_pq64,sift10m,ram_capped_3gb,3221225472,"{""L"": 30, ""W"": 4}",4,3,95.183,0.0,1.5345,0.0115,2602.9629,47.2776,264106.0,773.7,197390.7,0.0,48.1911,0.0,1.887,0.079,,,5.602,0.645,diskann|diskann_fp32_pq64|sift10m|ram_capped_3gb|3221225472|4
diskann,diskann_fp32_pq64,sift10m,ram_capped_3gb,3221225472,"{""L"": 30, ""W"": 4}",8,3,95.183,0.0,1.8515,0.0284,4275.3555,46.0229,263988.8,334.2,197390.7,0.0,48.1911,0.0,2.394,0.08,,,5.811,0.426,diskann|diskann_fp32_pq64|sift10m|ram_capped_3gb|3221225472|8
diskann,diskann_fp32_pq64,sift10m,ram_capped_3gb,3221225472,"{""L"": 30, ""W"": 4}",16,3,95.183,0.0,2.6326,0.0731,6070.9922,165.3936,263165.5,2147.1,197390.7,0.0,48.1911,0.0,3.675,0.396,,,7.318,1.252,diskann|diskann_fp32_pq64|sift10m|ram_capped_3gb|3221225472|16
diskann,diskann_uint8_pq32,sift10m,warm,,"{""L"": 30, ""W"": 4}",2,3,92.754,0.0,1.0594,0.0132,1872.2174,27.3979,225306.2,32864.6,199524.4,0.0,48.712,0.0,1.301,0.024,,,3.64,0.392,diskann|diskann_uint8_pq32|sift10m|warm||2
diskann,diskann_uint8_pq32,sift10m,warm,,"{""L"": 30, ""W"": 4}",4,3,92.754,0.0,1.1712,0.0361,3389.2354,90.4766,225250.1,897.0,199524.4,0.0,48.712,0.0,1.468,0.055,,,4.704,2.974,diskann|diskann_uint8_pq32|sift10m|warm||4
diskann,diskann_uint8_pq32,sift10m,warm,,"{""L"": 30, ""W"": 4}",8,3,92.754,0.0,1.3969,0.0105,5691.2285,34.2656,224759.8,1864.1,199524.4,0.0,48.712,0.0,1.861,0.019,,,4.244,1.609,diskann|diskann_uint8_pq32|sift10m|warm||8
diskann,diskann_uint8_pq32,sift10m,warm,,"{""L"": 30, ""W"": 4}",16,3,92.754,0.0,1.9702,0.0467,8111.2456,195.377,225486.0,3001.9,199524.4,0.0,48.712,0.0,2.944,0.098,,,4.385,2.687,diskann|diskann_uint8_pq32|sift10m|warm||16
diskann,diskann_uint8_pq32,sift10m,ram_capped_1p5gb,1610612736,"{""L"": 30, ""W"": 4}",2,3,92.754,0.0,1.4091,0.0092,1418.1018,8.1583,233719.4,337.9,199524.4,0.0,48.712,0.0,1.69,0.029,,,5.353,0.722,diskann|diskann_uint8_pq32|sift10m|ram_capped_1p5gb|1610612736|2
diskann,diskann_uint8_pq32,sift10m,ram_capped_1p5gb,1610612736,"{""L"": 30, ""W"": 4}",4,3,92.754,0.0,1.5567,0.0199,2555.1597,37.9988,232829.3,1103.9,199524.4,0.0,48.712,0.0,1.906,0.067,,,5.308,2.017,diskann|diskann_uint8_pq32|sift10m|ram_capped_1p5gb|1610612736|4
diskann,diskann_uint8_pq32,sift10m,ram_capped_1p5gb,1610612736,"{""L"": 30, ""W"": 4}",8,3,92.754,0.0,1.9111,0.1218,4169.8164,292.583,233325.8,1918.6,199524.4,0.0,48.712,0.0,2.488,0.562,,,6.209,4.498,diskann|diskann_uint8_pq32|sift10m|ram_capped_1p5gb|1610612736|8
diskann,diskann_uint8_pq32,sift10m,ram_capped_1p5gb,1610612736,"{""L"": 30, ""W"": 4}",16,3,92.754,0.0,2.7293,0.049,5856.6187,106.3916,232475.9,2680.0,199524.4,0.0,48.712,0.0,3.876,0.144,,,6.682,0.331,diskann|diskann_uint8_pq32|sift10m|ram_capped_1p5gb|1610612736|16
diskann,diskann_uint8_pq32,sift10m,ram_capped_3gb,3221225472,"{""L"": 30, ""W"": 4}",2,3,92.754,0.0,1.4071,0.005,1418.7828,7.5001,233691.5,233330.3,199524.4,0.0,48.712,0.0,1.682,0.004,,,4.446,1.01,diskann|diskann_uint8_pq32|sift10m|ram_capped_3gb|3221225472|2
diskann,diskann_uint8_pq32,sift10m,ram_capped_3gb,3221225472,"{""L"": 30, ""W"": 4}",4,3,92.754,0.0,1.5684,0.0152,2529.5325,21.1309,233900.9,690.6,199524.4,0.0,48.712,0.0,1.931,0.034,,,5.536,0.186,diskann|diskann_uint8_pq32|sift10m|ram_capped_3gb|3221225472|4
diskann,diskann_uint8_pq32,sift10m,ram_capped_3gb,3221225472,"{""L"": 30, ""W"": 4}",8,3,92.754,0.0,1.9221,0.0331,4159.0229,73.3296,233119.3,2935.6,199524.4,0.0,48.712,0.0,2.461,0.075,,,6.612,4.456,diskann|diskann_uint8_pq32|sift10m|ram_capped_3gb|3221225472|8
diskann,diskann_uint8_pq32,sift10m,ram_capped_3gb,3221225472,"{""L"": 30, ""W"": 4}",16,3,92.754,0.0,2.7501,0.129,5776.7432,195.9897,233807.1,3990.7,199524.4,0.0,48.712,0.0,3.924,0.33,,,7.204,1.047,diskann|diskann_uint8_pq32|sift10m|ram_capped_3gb|3221225472|16
diskann,diskann_uint8_pq64,sift10m,warm,,"{""L"": 30, ""W"": 4}",2,3,95.198,0.0,1.0987,0.0148,1815.6852,21.8508,223565.0,64668.0,197765.9,0.0,48.2827,0.0,1.342,0.029,,,4.079,1.658,diskann|diskann_uint8_pq64|sift10m|warm||2
diskann,diskann_uint8_pq64,sift10m,warm,,"{""L"": 30, ""W"": 4}",4,3,95.198,0.0,1.1923,0.0134,3317.1729,48.2354,223702.2,74.6,197765.9,0.0,48.2827,0.0,1.486,0.01,,,3.289,2.199,diskann|diskann_uint8_pq64|sift10m|warm||4
diskann,diskann_uint8_pq64,sift10m,warm,,"{""L"": 30, ""W"": 4}",8,3,95.198,0.0,1.4179,0.0333,5578.4697,119.4155,222899.8,897.8,197765.9,0.0,48.2827,0.0,1.863,0.055,,,4.449,2.565,diskann|diskann_uint8_pq64|sift10m|warm||8
diskann,diskann_uint8_pq64,sift10m,warm,,"{""L"": 30, ""W"": 4}",16,3,95.198,0.0,1.9791,0.0078,8073.7573,29.5835,221415.0,1931.3,197765.9,0.0,48.2827,0.0,2.93,0.061,,,6.085,1.288,diskann|diskann_uint8_pq64|sift10m|warm||16
diskann,diskann_uint8_pq64,sift10m,ram_capped_1p5gb,1610612736,"{""L"": 30, ""W"": 4}",2,3,95.198,0.0,1.4373,0.0148,1384.9062,13.6539,264137.1,245.0,197765.9,0.0,48.2827,0.0,1.726,0.027,,,5.23,0.752,diskann|diskann_uint8_pq64|sift10m|ram_capped_1p5gb|1610612736|2
diskann,diskann_uint8_pq64,sift10m,ram_capped_1p5gb,1610612736,"{""L"": 30, ""W"": 4}",4,3,95.198,0.0,1.5906,0.0091,2498.511,1.0442,263988.8,630.8,197765.9,0.0,48.2827,0.0,1.94,0.035,,,5.755,1.393,diskann|diskann_uint8_pq64|sift10m|ram_capped_1p5gb|1610612736|4
diskann,diskann_uint8_pq64,sift10m,ram_capped_1p5gb,1610612736,"{""L"": 30, ""W"": 4}",8,3,95.198,0.0,1.9338,0.0175,4101.2563,57.0352,264143.3,377.7,197765.9,0.0,48.2827,0.0,2.499,0.035,,,6.578,1.646,diskann|diskann_uint8_pq64|sift10m|ram_capped_1p5gb|1610612736|8
diskann,diskann_uint8_pq64,sift10m,ram_capped_1p5gb,1610612736,"{""L"": 30, ""W"": 4}",16,3,95.198,0.0,2.7165,0.0993,5844.3398,211.4185,264135.9,1991.0,197765.9,0.0,48.2827,0.0,3.832,0.321,,,7.355,6.34,diskann|diskann_uint8_pq64|sift10m|ram_capped_1p5gb|1610612736|16
diskann,diskann_uint8_pq64,sift10m,ram_capped_3gb,3221225472,"{""L"": 30, ""W"": 4}",2,3,95.198,0.0,1.4284,0.0209,1399.1859,21.5425,264136.3,461.6,197765.9,0.0,48.2827,0.0,1.696,0.049,,,4.645,2.002,diskann|diskann_uint8_pq64|sift10m|ram_capped_3gb|3221225472|2
diskann,diskann_uint8_pq64,sift10m,ram_capped_3gb,3221225472,"{""L"": 30, ""W"": 4}",4,3,95.198,0.0,1.5713,0.0258,2525.532,40.2673,264144.5,147.5,197765.9,0.0,48.2827,0.0,1.897,0.072,,,4.792,0.464,diskann|diskann_uint8_pq64|sift10m|ram_capped_3gb|3221225472|4
diskann,diskann_uint8_pq64,sift10m,ram_capped_3gb,3221225472,"{""L"": 30, ""W"": 4}",8,3,95.198,0.0,1.9532,0.049,4093.217,89.6445,263539.9,2177.9,197765.9,0.0,48.2827,0.0,2.586,0.214,,,6.809,2.072,diskann|diskann_uint8_pq64|sift10m|ram_capped_3gb|3221225472|8
diskann,diskann_uint8_pq64,sift10m,ram_capped_3gb,3221225472,"{""L"": 30, ""W"": 4}",16,3,95.198,0.0,2.7497,0.0668,5812.9243,143.5146,263580.5,2236.0,197765.9,0.0,48.2827,0.0,3.932,0.199,,,7.097,0.723,diskann|diskann_uint8_pq64|sift10m|ram_capped_3gb|3221225472|16
